Date,Equity,DrawdownPct,DrawdownDuration
2018-01-02,100000.0,0.0,
2018-01-03,100000.0,0.0,
2018-01-04,100000.0,0.0,
2018-01-05,100000.0,0.0,
2018-01-08,100000.0,0.0,
2018-01-09,100000.0,0.0,
2018-01-10,100000.0,0.0,
2018-01-11,100000.0,0.0,
2018-01-12,100000.0,0.0,
2018-01-16,100000.0,0.0,
2018-01-17,100000.0,0.0,
2018-01-18,100000.0,0.0,
2018-01-19,100000.0,0.0,
2018-01-22,100000.0,0.0,
2018-01-23,100000.0,0.0,
2018-01-24,100000.0,0.0,
2018-01-25,100000.0,0.0,
2018-01-26,100000.0,0.0,
2018-01-29,100000.0,0.0,
2018-01-30,100000.0,0.0,
2018-01-31,100000.0,0.0,
2018-02-01,100000.0,0.0,
2018-02-02,100000.0,0.0,
2018-02-05,100000.0,0.0,
2018-02-06,100000.0,0.0,
2018-02-07,100000.0,0.0,
2018-02-08,100000.0,0.0,
2018-02-09,100000.0,0.0,
2018-02-12,100000.0,0.0,
2018-02-13,100000.0,0.0,
2018-02-14,100000.0,0.0,
2018-02-15,100000.0,0.0,
2018-02-16,100000.0,0.0,
2018-02-20,100000.0,0.0,
2018-02-21,100000.0,0.0,
2018-02-22,100000.0,0.0,
2018-02-23,100000.0,0.0,
2018-02-26,100000.0,0.0,
2018-02-27,100000.0,0.0,
2018-02-28,100000.0,0.0,
2018-03-01,100000.0,0.0,
2018-03-02,100000.0,0.0,
2018-03-05,100000.0,0.0,
2018-03-06,100000.0,0.0,
2018-03-07,100000.0,0.0,
2018-03-08,100000.0,0.0,
2018-03-09,100000.0,0.0,
2018-03-12,100000.0,0.0,
2018-03-13,100000.0,0.0,
2018-03-14,100000.0,0.0,
2018-03-15,100000.0,0.0,
2018-03-16,100000.0,0.0,
2018-03-19,100000.0,0.0,
2018-03-20,100000.0,0.0,
2018-03-21,100000.0,0.0,
2018-03-22,100000.0,0.0,
2018-03-23,100000.0,0.0,
2018-03-26,100000.0,0.0,
2018-03-27,100000.0,0.0,
2018-03-28,100000.0,0.0,
2018-03-29,100000.0,0.0,
2018-04-02,100000.0,0.0,
2018-04-03,100000.0,0.0,
2018-04-04,100000.0,0.0,
2018-04-05,100000.0,0.0,
2018-04-06,100000.0,0.0,
2018-04-09,100000.0,0.0,
2018-04-10,100000.0,0.0,
2018-04-11,100000.0,0.0,
2018-04-12,100000.0,0.0,
2018-04-13,100000.0,0.0,
2018-04-16,100000.0,0.0,
2018-04-17,100000.0,0.0,
2018-04-18,100000.0,0.0,
2018-04-19,100000.0,0.0,
2018-04-20,100000.0,0.0,
2018-04-23,100000.0,0.0,
2018-04-24,100000.0,0.0,
2018-04-25,100000.0,0.0,
2018-04-26,100000.0,0.0,
2018-04-27,100000.0,0.0,
2018-04-30,100000.0,0.0,
2018-05-01,100000.0,0.0,
2018-05-02,100000.0,0.0,
2018-05-03,100000.0,0.0,
2018-05-04,100000.0,0.0,
2018-05-07,100000.0,0.0,
2018-05-08,100000.0,0.0,
2018-05-09,100000.0,0.0,
2018-05-10,100000.0,0.0,
2018-05-11,100000.0,0.0,
2018-05-14,100000.0,0.0,
2018-05-15,100000.0,0.0,
2018-05-16,100000.0,0.0,
2018-05-17,100000.0,0.0,
2018-05-18,100000.0,0.0,
2018-05-21,100000.0,0.0,
2018-05-22,100000.0,0.0,
2018-05-23,100000.0,0.0,
2018-05-24,100000.0,0.0,
2018-05-25,100000.0,0.0,
2018-05-29,100000.0,0.0,
2018-05-30,100000.0,0.0,
2018-05-31,100000.0,0.0,
2018-06-01,100000.0,0.0,
2018-06-04,100000.0,0.0,
2018-06-05,100000.0,0.0,
2018-06-06,100000.0,0.0,
2018-06-07,100000.0,0.0,
2018-06-08,100000.0,0.0,
2018-06-11,100000.0,0.0,
2018-06-12,100000.0,0.0,
2018-06-13,100000.0,0.0,
2018-06-14,100000.0,0.0,
2018-06-15,100000.0,0.0,
2018-06-18,100000.0,0.0,
2018-06-19,100000.0,0.0,
2018-06-20,100000.0,0.0,
2018-06-21,100000.0,0.0,
2018-06-22,100000.0,0.0,
2018-06-25,100000.0,0.0,
2018-06-26,100000.0,0.0,
2018-06-27,100000.0,0.0,
2018-06-28,100000.0,0.0,
2018-06-29,100000.0,0.0,
2018-07-02,100000.0,0.0,
2018-07-03,100000.0,0.0,
2018-07-05,100000.0,0.0,
2018-07-06,100000.0,0.0,
2018-07-09,100000.0,0.0,
2018-07-10,100000.0,0.0,
2018-07-11,100000.0,0.0,
2018-07-12,100000.0,0.0,
2018-07-13,100000.0,0.0,
2018-07-16,100000.0,0.0,
2018-07-17,100000.0,0.0,
2018-07-18,100000.0,0.0,
2018-07-19,100000.0,0.0,
2018-07-20,100000.0,0.0,
2018-07-23,100000.0,0.0,
2018-07-24,100000.0,0.0,
2018-07-25,100000.0,0.0,
2018-07-26,100000.0,0.0,
2018-07-27,100000.0,0.0,
2018-07-30,100000.0,0.0,
2018-07-31,100000.0,0.0,
2018-08-01,100000.0,0.0,
2018-08-02,100000.0,0.0,
2018-08-03,100000.0,0.0,
2018-08-06,100000.0,0.0,
2018-08-07,100000.0,0.0,
2018-08-08,100000.0,0.0,
2018-08-09,100000.0,0.0,
2018-08-10,100000.0,0.0,
2018-08-13,100000.0,0.0,
2018-08-14,100000.0,0.0,
2018-08-15,100000.0,0.0,
2018-08-16,100000.0,0.0,
2018-08-17,100000.0,0.0,
2018-08-20,100000.0,0.0,
2018-08-21,100000.0,0.0,
2018-08-22,100000.0,0.0,
2018-08-23,100000.0,0.0,
2018-08-24,100000.0,0.0,
2018-08-27,100000.0,0.0,
2018-08-28,100000.0,0.0,
2018-08-29,100000.0,0.0,
2018-08-30,100000.0,0.0,
2018-08-31,100000.0,0.0,
2018-09-04,100000.0,0.0,
2018-09-05,100000.0,0.0,
2018-09-06,100000.0,0.0,
2018-09-07,100000.0,0.0,
2018-09-10,100000.0,0.0,
2018-09-11,100000.0,0.0,
2018-09-12,100000.0,0.0,
2018-09-13,100000.0,0.0,
2018-09-14,100000.0,0.0,
2018-09-17,100000.0,0.0,
2018-09-18,100000.0,0.0,
2018-09-19,100000.0,0.0,
2018-09-20,100000.0,0.0,
2018-09-21,100000.0,0.0,
2018-09-24,100000.0,0.0,
2018-09-25,100000.0,0.0,
2018-09-26,100000.0,0.0,
2018-09-27,100000.0,0.0,
2018-09-28,100000.0,0.0,
2018-10-01,100000.0,0.0,
2018-10-02,100000.0,0.0,
2018-10-03,100000.0,0.0,
2018-10-04,100000.0,0.0,
2018-10-05,100000.0,0.0,
2018-10-08,100000.0,0.0,
2018-10-09,100000.0,0.0,
2018-10-10,100000.0,0.0,
2018-10-11,100000.0,0.0,
2018-10-12,100000.0,0.0,
2018-10-15,100000.0,0.0,
2018-10-16,100000.0,0.0,
2018-10-17,100000.0,0.0,
2018-10-18,100000.0,0.0,
2018-10-19,100000.0,0.0,
2018-10-22,100000.0,0.0,
2018-10-23,100000.0,0.0,
2018-10-24,100000.0,0.0,
2018-10-25,100320.4727494049,0.0,
2018-10-26,100059.1719757843,0.0026046605090600528,
2018-10-29,99452.72185676574,0.008649788710692774,
2018-10-30,99429.32280891418,0.008883031708958988,
2018-10-31,100029.92167823791,0.0028962290866867413,
2018-11-01,99856.37179725646,0.004626183862866506,
2018-11-02,99903.17286842345,0.004159668206746181,
2018-11-05,100166.42257087707,0.0015355806676932149,
2018-11-06,100207.37239234924,0.0011273905909333637,
2018-11-07,101034.1719757843,0.0,13 days
2018-11-08,100993.22215431213,0.0004053066469628108,
2018-11-09,100568.12209480285,0.0046127945809576465,
2018-11-12,100041.62268989562,0.009823896870521875,
2018-11-13,100055.27263038635,0.009688794654867605,
2018-11-14,99671.12239234924,0.01349097594189963,
2018-11-15,100121.57191627502,0.009032588100271743,
2018-11-16,100318.52233283996,0.007083243510085491,
2018-11-19,99602.87268989562,0.014166487020170981,
2018-11-20,99035.4219757843,0.0197829106817351,
2018-11-21,99308.42227333068,0.017080851643612616,
2018-11-23,99300.62209480285,0.017158055013277496,
2018-11-26,99963.62239234924,0.010595915842133596,
2018-11-27,100094.27203529357,0.009302792531580284,
2018-11-28,100870.37268989562,0.0016212265878512433,
2018-11-29,100689.02263038635,0.003416164438707625,
2018-11-30,100825.52203529357,0.0020651422821650334,
2018-12-03,101059.5214402008,0.0,26 days
2018-12-04,100363.37149971008,0.006888514120885203,
2018-12-06,100494.02263038635,0.005595700452124874,
2018-12-07,99641.87209480285,0.014027865214430113,
2018-12-10,100182.0214402008,0.008683001734965057,
2018-12-11,100377.0214402008,0.006753445793861723,
2018-12-12,100472.57251136779,0.005807952783353665,
2018-12-13,100544.72155921935,0.005094026506805349,
2018-12-14,99877.82191627502,0.01169310429225634,
2018-12-17,99265.52203529357,0.0177519087696133,
2018-12-18,99476.12239234924,0.015667984820099234,
2018-12-19,99421.52263038635,0.016208258128193265,
2018-12-20,98996.42257087707,0.020414690668652313,
2018-12-21,98356.82280891418,0.026743631800056233,
2018-12-24,97557.32161872863,0.034654822935654805,
2018-12-26,98811.17167823791,0.02224777764550656,
2018-12-27,98932.0722138214,0.021051447662338796,
2018-12-28,98778.02203529357,0.02257579862237169,
2018-12-31,99008.12209480285,0.020298922023015975,
2019-01-02,98920.37268989562,0.021167216307975134,
2019-01-03,98194.97245185851,0.02834516676429444,
2019-01-04,99078.3222138214,0.019604280706511323,
2019-01-07,99103.67167823791,0.019353443733851505,
2019-01-08,99247.9727494049,0.017925561738067697,
2019-01-09,99534.62149971008,0.015089126870574399,
2019-01-10,99403.97185676574,0.01638192581799114,
2019-01-11,99247.9727494049,0.017925561738067697,
2019-01-14,99101.7227494049,0.01937272869389528,
2019-01-15,99678.92257087707,0.01366124487479059,
2019-01-16,99751.07161872863,0.012947318598242163,
2019-01-17,99895.37268989562,0.011519436602458355,
2019-01-18,100205.4219757843,0.008451449722349014,
2019-01-22,99809.5722138214,0.012368445927373739,
2019-01-23,100010.4219757843,0.010381005663452347,
2019-01-24,99910.97155921935,0.011365083315391211,
2019-01-25,100100.12179725646,0.009493411697105936,
2019-01-28,99692.57251136779,0.01352617654776711,
2019-01-29,99275.27263038635,0.017655425084020737,
2019-01-30,99946.07161872863,0.01101776265713883,
2019-01-31,99565.8222138214,0.014780390853752934,
2019-02-01,99244.07191627502,0.017964161100842202,
2019-02-04,99821.27173774719,0.012252677281737512,
2019-02-05,100109.87239234924,0.009396928011513372,
2019-02-06,99877.82191627502,0.01169310429225634,
2019-02-07,99729.62149971008,0.013159570929471065,
2019-02-08,99807.62179725646,0.012387745608760992,
2019-02-11,99725.72215431213,0.013198155570901982,
2019-02-12,100045.52203529357,0.010033685005199966,
2019-02-13,100029.92167823791,0.010188053013610698,
2019-02-14,100047.47245185851,0.010014385323812713,
2019-02-15,100304.87239234924,0.007467372070410039,
2019-02-19,100295.12179725646,0.007563855756002602,
2019-02-20,100096.22245185851,0.009531996338536852,
2019-02-21,100536.92286842345,0.005171195789667182,
2019-02-22,100841.12239234924,0.002161093232375899,
2019-02-25,100962.0214402008,0.0009647779705517223,
2019-02-26,101112.17227333068,0.0,85 days
2019-02-27,101075.12179725646,0.000366429434173976,
2019-02-28,101047.82191627502,0.0006364254234565436,
2019-03-01,101145.32191627502,0.0,3 days
2019-03-04,101092.67257087707,0.0005205316904476343,
2019-03-05,100983.47155921935,0.0016001763995534546,
2019-03-06,100993.22215431213,0.001503774560021598,
2019-03-07,100728.02203529357,0.004125745739648523,
2019-03-08,100751.42257087707,0.003894390150085303,
2019-03-11,101203.82251136779,0.0,10 days
2019-03-12,101357.87268989562,0.0,
2019-03-13,101529.47215431213,0.0,
2019-03-14,101547.0214402008,0.0,
2019-03-15,101804.42286842345,0.0,
2019-03-18,102128.12209480285,0.0,
2019-03-19,102143.72245185851,0.0,
2019-03-20,102118.37149971008,0.0002481890373672302,
2019-03-21,102644.87239234924,0.0,2 days
2019-03-22,102026.7227494049,0.006022216488141052,
2019-03-25,102145.67286842345,0.004863365429669475,
2019-03-26,102194.42286842345,0.004388426946491664,
2019-03-27,101972.12149971008,0.006554159764236789,
2019-03-28,102003.3222138214,0.006250192177896352,
2019-03-29,102200.27263038635,0.004331436647545872,
2019-04-01,102410.87149971008,0.0022797134156367083,
2019-04-02,102444.02263038635,0.001956744231656926,
2019-04-03,102596.12239234924,0.0004749384831778114,
2019-04-04,102477.17227333068,0.0016337895416493886,
2019-04-05,102580.52203529357,0.0006269222763479743,
2019-04-08,102588.3222138214,0.0005509303797629483,
2019-04-09,102461.57191627502,0.0017857733348196625,
2019-04-10,102639.02263038635,5.699029894579155e-05,
2019-04-11,102666.32251136779,0.0,21 days
2019-04-12,102787.22155921935,0.0,
2019-04-15,102806.7227494049,0.0,
2019-04-16,102752.12149971008,0.0005311058288270942,
2019-04-17,102947.12149971008,0.0,2 days
2019-04-18,103259.12268989562,0.0,
2019-04-22,103335.17257087707,0.0,
2019-04-23,103662.77263038635,0.0,
2019-04-24,103578.92257087707,0.0008088734015271326,
2019-04-25,104386.22096412658,0.0,2 days
2019-04-26,104530.52203529357,0.0,
2019-04-29,104507.12298744201,0.00022384895240135094,
2019-04-30,104668.97334449767,0.0,4 days
2019-05-01,104138.57161872863,0.00506742073435007,
2019-05-02,103812.9219757843,0.008178654489099157,
2019-05-03,104337.47096412658,0.003167150395944174,
2019-05-06,104191.22096412658,0.004564412596258727,
2019-05-07,103678.37149971008,0.009464140261768117,
2019-05-08,103676.42257087707,0.009482760190585027,
2019-05-09,103674.47215431213,0.009501394333087942,
2019-05-10,103992.32161872863,0.006464682934664623,
2019-05-13,103255.22185676574,0.01350688215006035,
2019-05-14,103524.32280891418,0.010935910604722432,
2019-05-15,103775.87149971008,0.008532632128225082,
2019-05-16,104343.32072608947,0.0031112621821213216,
2019-05-17,104175.62358253478,0.004713428881538029,
2019-05-20,103814.87239234924,0.008160020346596242,
2019-05-21,103947.47245185851,0.006893168716430198,
2019-05-22,104097.62179725646,0.00545865244479582,
2019-05-23,103807.0722138214,0.00823454270292201,
2019-05-24,103818.77173774719,0.008122766275276416,
2019-05-28,103803.17286842345,0.008271796774241835,
2019-05-29,103565.27263038635,0.010544678894276682,
2019-05-30,103719.32280891418,0.00907289433763625,
2019-05-31,103319.5722138214,0.012892083370637186,
2019-06-03,102570.7714402008,0.020046073227364625,
2019-06-04,103218.17286842345,0.013860845575500047,
2019-06-05,103738.82251136779,0.008886595553664889,
2019-06-06,104126.87209480285,0.005179197161995663,
2019-06-07,104824.97096412658,0.0,38 days
2019-06-10,105058.97334449767,0.0,
2019-06-11,104961.47334449767,0.0009280501883479619,
2019-06-12,104842.52322547912,0.0020602725510061592,
2019-06-13,105004.37358253478,0.0005197058397272691,
2019-06-14,105029.72155921935,0.0002784320496108661,
2019-06-17,105107.72334449767,0.0,7 days
2019-06-18,105558.17286842345,0.0,
2019-06-19,105661.52263038635,0.0,
2019-06-20,105907.22155921935,0.0,
2019-06-21,105911.12239234924,0.0,
2019-06-24,106069.07191627502,0.0,
2019-06-25,105220.82072608947,0.007997158595439702,
2019-06-26,105318.32072608947,0.007077946253533196,
2019-06-27,105361.22096412658,0.006673490578923635,
2019-06-28,105324.17346351623,0.007022767705055166,
2019-07-01,105659.57072608947,0.0038607030568608147,
2019-07-02,105835.07251136779,0.002206104010148535,
2019-07-03,106006.67346351623,0.0005882813117101815,
2019-07-05,105928.67167823791,0.0013236680165159553,
2019-07-08,105909.17346351623,0.0015074936536165762,
2019-07-09,105811.67346351623,0.002426705995523082,
2019-07-10,106082.72334449767,0.0,16 days
2019-07-11,106189.97096412658,0.0,
2019-07-12,106287.47096412658,0.0,
2019-07-15,106287.47096412658,0.0,
2019-07-16,105932.57251136779,0.0033390431585165192,
2019-07-17,105774.62298744201,0.004825102827572758,
2019-07-18,105803.87179725646,0.00454991696089313,
2019-07-19,105842.87120216369,0.0041829931404892,
2019-07-22,106195.82072608947,0.0008622863749203624,
2019-07-23,106363.52084510803,0.0,8 days
2019-07-24,106642.37239234924,0.0,
2019-07-25,106539.02263038635,0.0009691247451121265,
2019-07-26,106763.2714402008,0.0,2 days
2019-07-29,106702.82191627502,0.0005662014952364514,
2019-07-30,106570.22334449767,0.0018081882757896572,
2019-07-31,105774.62298744201,0.009260192568307901,
2019-08-01,106123.67167823791,0.005990822062071577,
2019-08-02,105897.47096412658,0.008109534902732585,
2019-08-05,104982.92346351623,0.01667565964088835,
2019-08-06,105466.52263038635,0.012146019809263442,
2019-08-07,105581.57191627502,0.011068408713830635,
2019-08-08,106285.52203529357,0.004474847936584814,
2019-08-09,106055.42346351623,0.006630070127450538,
2019-08-12,105681.02084510803,0.010136918628415703,
2019-08-13,106228.97334449767,0.005004512211883583,
2019-08-14,105328.07132118224,0.01344282635458982,
2019-08-15,105269.57072608947,0.013990773174723858,
2019-08-16,105747.32310646056,0.009515897368406079,
2019-08-19,106191.92286842345,0.00535154612695965,
2019-08-20,105967.67108314513,0.007452004292518244,
2019-08-21,106266.02084510803,0.0046575061665404816,
2019-08-22,106069.07191627502,0.006502231662267932,
2019-08-23,105213.02203529357,0.014520437450022627,
2019-08-26,105614.72155921935,0.010757912018692362,
2019-08-27,105671.27322547912,0.010228219873660516,
2019-08-28,105636.17167823791,0.01055699911363428,
2019-08-29,106135.37120216369,0.005881238271991385,
2019-08-30,106084.67227333068,0.006356110652249947,
2019-09-03,105729.77084510803,0.009680300923259444,
2019-09-04,106039.82310646056,0.0067761911374685235,
2019-09-05,106511.7227494049,0.002356135095923806,
2019-09-06,106326.47334449767,0.004091276801571064,
2019-09-09,106018.37298744201,0.006977104042526605,
2019-09-10,105737.57251136779,0.009607226483383968,
2019-09-11,105745.37120216369,0.009534179913241458,
2019-09-12,106018.37298744201,0.006977104042526605,
2019-09-13,105979.37358253478,0.007342392632704975,
2019-09-16,105786.32251136779,0.009150608778227709,
2019-09-17,105993.02203529357,0.007214554167522369,
2019-09-18,106213.37298744201,0.005150633221901568,
2019-09-19,106710.62358253478,0.0004931270553609757,
2019-09-20,106392.77263038635,0.003470283411294406,
2019-09-23,106334.27203529357,0.0040182302314285545,
2019-09-24,105991.07310646056,0.007232808842624783,
2019-09-25,106377.17227333068,0.0036164044213123914,
2019-09-26,106412.27084510803,0.003287653051071704,
2019-09-27,106059.32132118224,0.006593560777245822,
2019-09-30,106312.82191627502,0.004219143136486636,
2019-10-01,105930.62358253478,0.007799010337861234,
2019-10-02,105458.72096412658,0.012219094249138918,
2019-10-03,105776.57191627502,0.009241937893205598,
2019-10-04,106135.37120216369,0.005881238271991385,
2019-10-07,105940.37120216369,0.0077077090926164216,
2019-10-08,105657.62179725646,0.010356086208576198,
2019-10-09,106158.77322547912,0.0056620428220979235,
2019-10-10,106326.47334449767,0.004091276801571064,
2019-10-11,106439.57072608947,0.0030319482509735263,
2019-10-14,106414.2227494049,0.0032693705062363243,
2019-10-15,106808.12358253478,0.0,81 days
2019-10-16,106581.92286842345,0.0021178231254717073,
2019-10-17,106441.52263038635,0.0034323321096934034,
2019-10-18,105996.92286842345,0.007594934607052406,
2019-10-21,106195.82072608947,0.005732736761096313,
2019-10-22,105794.12120216369,0.00949368218783031,
2019-10-23,105963.77322547912,0.007905300914711755,
2019-10-24,106490.27263038635,0.0029759061528950026,
2019-10-25,106644.32132118224,0.0015336123869451601,
2019-10-28,107319.02263038635,0.0,13 days
2019-10-29,107053.82251136779,0.002471138037959175,
2019-10-30,107400.92227333068,0.0,2 days
2019-10-31,107159.12120216369,0.0022513872883849206,
2019-11-01,107227.37239234924,0.0016159068032932655,
2019-11-04,107389.2227494049,0.00010893317932603175,
2019-11-05,107371.67346351623,0.00027233294831507937,
2019-11-06,107293.67167823791,0.0009986003176009062,
2019-11-07,107332.67108314513,0.0006354804850916551,
2019-11-08,107664.17346351623,0.0,9 days
2019-11-11,107693.42227333068,0.0,
2019-11-12,107880.62358253478,0.0,
2019-11-13,107927.42167823791,0.0,
2019-11-14,108073.67167823791,0.0,
2019-11-15,108446.12239234924,0.0,
2019-11-18,108518.2714402008,0.0,
2019-11-19,108528.02203529357,0.0,
2019-11-20,108377.87120216369,0.0013835213276166547,
2019-11-21,108350.57132118224,0.0016350681674970335,
2019-11-22,108372.0214402008,0.001437422263551813,
2019-11-25,108691.82132118224,0.0,6 days
2019-11-26,108847.82191627502,0.0,
2019-11-27,108904.37358253478,0.0,
2019-11-29,108721.07310646056,0.0016831323669044274,
2019-12-02,108364.2227494049,0.00495986355149014,
2019-12-03,108317.42167823791,0.005389608194679596,
2019-12-04,108422.72334449767,0.00442268957795422,
2019-12-05,108438.32072608947,0.004279468685360999,
2019-12-06,108793.22215431213,0.0010206332818986086,
2019-12-09,108717.17227333068,0.001718951250954337,
2019-12-10,108672.32310646056,0.002130772791217206,
2019-12-11,108783.47155921935,0.0011101668311218615,
2019-12-12,109083.77322547912,0.0,15 days
2019-12-13,109335.32191627502,0.0,
2019-12-16,109530.32191627502,0.0,
2019-12-17,109366.52263038635,0.0014954697751539126,
2019-12-18,109304.12120216369,0.0020651880698774328,
2019-12-19,109565.42346351623,0.0,3 days
2019-12-20,109896.92286842345,0.0,
2019-12-23,109896.92286842345,0.0,
2019-12-24,109891.07310646056,5.3229533732213064e-05,
2019-12-26,110142.62179725646,0.0,3 days
2019-12-27,110199.17346351623,0.0,
2019-12-30,109932.0214402008,0.0024242652183219526,
2019-12-31,109953.47155921935,0.002229616580365912,
2020-01-02,110522.87120216369,0.0,6 days
2020-01-03,110132.87120216369,0.0035286814010344614,
2020-01-06,110212.82191627502,0.0028052952526137487,
2020-01-07,109930.07251136779,0.005363583884023249,
2020-01-08,110419.5214402008,0.0009350984175379162,
2020-01-09,110809.5214402008,0.0,7 days
2020-01-10,110663.2714402008,0.0013198324304551923,
2020-01-13,111041.57191627502,0.0,4 days
2020-01-14,110817.32310646056,0.0020195031999685753,
2020-01-15,111022.07072608947,0.0001756206243211933,
2020-01-16,111605.12179725646,0.0,3 days
2020-01-17,111786.47334449767,0.0,
2020-01-21,111669.47215431213,0.0010466489073770457,
2020-01-22,111513.47155921935,0.002442171911417157,
2020-01-23,111712.37239234924,0.0006628794158312079,
2020-01-24,111384.77084510803,0.0035934803860544484,
2020-01-27,110846.57191627502,0.008408006801736367,
2020-01-28,111466.67346351623,0.00286081018045814,
2020-01-29,111969.77084510803,0.0,12 days
2020-01-30,112894.07191627502,0.0,
2020-01-31,112396.82132118224,0.004404576667777049,
2020-02-03,113206.07310646056,0.0,4 days
2020-02-04,114325.37120216369,0.0,
2020-02-05,114282.47096412658,0.00037524687290324543,
2020-02-06,115009.82310646056,0.0,2 days
2020-02-07,115060.52203529357,0.0,
2020-02-10,115998.47155921935,0.0,
2020-02-11,115167.77263038635,0.007161292021067078,
2020-02-12,115220.42346351623,0.006707399547983828,
2020-02-13,115025.42346351623,0.00838845618070383,
2020-02-14,115345.22334449767,0.005631524329078652,
2020-02-18,115711.82132118224,0.0024711553021693478,
2020-02-19,115721.57191627502,0.0023870973403556928,
2020-02-20,115163.87179725646,0.007194920335970245,
2020-02-21,114027.0214402008,0.016995483582834092,
2020-02-24,111499.73931739807,0.0387826855074086,
2020-02-25,110272.54355267335,0.049362098737851134,
2020-02-26,110463.97145390321,0.04771183646579924,
2020-02-27,109778.13130711365,0.05362432942860029,
2020-02-28,109114.54004130555,0.059345019166045065,
2020-03-02,109738.37651597595,0.05396704766103333,
2020-03-03,109067.6966148529,0.059748847128801685,
2020-03-04,109472.89669950865,0.056255696924241594,
2020-03-05,109254.61676176451,0.05813744531980303,
2020-03-06,109014.91691740416,0.060203850515823,
2020-03-09,108456.46629484557,0.06501814345479073,
2020-03-10,108981.76645048521,0.06048963416860176,
2020-03-11,108609.97679289244,0.06369475965513005,
2020-03-12,107866.90641935728,0.07010062314235543,
2020-03-13,108875.17663725279,0.061408523976369755,
2020-03-16,107681.26645048521,0.07170098878835707,
2020-03-17,108249.91691740416,0.06679876499803206,
2020-03-18,107935.2462325897,0.06951147905869792,
2020-03-19,108053.05688627623,0.06849585659313484,
2020-03-20,107779.6968551483,0.0708524396364586,
2020-03-23,107709.8263259735,0.07145477972107894,
2020-03-24,108340.18635710143,0.06602056991939098,
2020-03-25,108267.76645048521,0.06664488768533017,
2020-03-26,108736.45657499693,0.06260440233917242,
2020-03-27,108409.54638822936,0.0654226307379896,
2020-03-30,108946.5763259735,0.060793001308174444,
2020-03-31,108818.05688627623,0.061900942110925894,
2020-04-01,108532.45657499693,0.06436304620109479,
2020-04-02,108693.10626371764,0.06297811684330856,
2020-04-03,108620.17663725279,0.06360682880377266,
2020-04-06,109203.61676176451,0.058577106285283675,
2020-04-07,109112.83682402037,0.0593597022671436,
2020-04-08,109196.47679289244,0.05863865855210315,
2020-04-09,109196.98651274107,0.058634264357578125,
2020-04-13,109215.85626371764,0.05847159194713236,
2020-04-14,109633.54638822936,0.05487076756645526,
2020-04-15,109540.72679289244,0.05567094703510911,
2020-04-16,109803.88620146178,0.05340230155183667,
2020-04-17,109883.4468551483,0.052716424810383966,
2020-04-20,109702.90641935728,0.05427282838505387,
2020-04-21,109333.66691740416,0.05745596948156928,
2020-04-22,109624.36676176451,0.05494990332006866,
2020-04-23,109517.26645048521,0.055873194031055506,
2020-04-24,109676.89669950865,0.05449705306231922,
2020-04-27,109651.39669950865,0.05471688354505955,
2020-04-28,109435.15641935728,0.056581048453827054,
2020-04-29,109823.77617033385,0.053230834043646924,
2020-04-30,109914.55688627623,0.05244823135309307,
2020-05-01,109677.91691740416,0.05448825796457524,
2020-05-04,109895.68635710143,0.052610910472232764,
2020-05-05,109993.60626371764,0.05176676222355325,
2020-05-06,110084.38620146178,0.05098416624169333,
2020-05-07,110138.4468551483,0.05051811998298106,
2020-05-08,110193.52617033385,0.05004329204391267,
2020-05-11,110298.58682402037,0.04913758481971964,
2020-05-12,110082.85626371764,0.05099735553396223,
2020-05-13,109942.096543869,0.05221081738355893,
2020-05-14,109981.87648161314,0.05186788236717954,
2020-05-15,110116.00673063658,0.05071157188118347,
2020-05-18,110205.25673063658,0.04994216519159245,
2020-05-19,110139.97679289244,0.05050493069071205,
2020-05-20,110243.50673063658,0.04961241946748196,
2020-05-21,110129.77617033385,0.05059286825076337,
2020-05-22,110133.85626371764,0.05055769456848169,
2020-05-26,110034.91691740416,0.051410631206211144,
2020-05-27,110047.15641935728,0.05130511686805983,
2020-05-28,110026.2462325897,0.05148537947399345,
2020-05-29,110120.596543869,0.05067200400437677,
2020-06-01,110099.17663725279,0.05085666080483542,
2020-06-02,110205.25673063658,0.04994216519159245,
2020-06-03,110228.20657499693,0.04974431909886501,
2020-06-04,110103.76645048521,0.05081709292802861,
2020-06-05,110322.04638822936,0.04893534453246717,
2020-06-08,110381.20657499693,0.048425336202423175,
2020-06-09,110454.64669950865,0.047792223338740114,
2020-06-10,110813.68635710143,0.04469701309358198,
2020-06-11,110274.61676176451,0.04934422601019106,
2020-06-12,110349.58682402037,0.0486979238542391,
2020-06-15,110410.78666838072,0.048170332037401176,
2020-06-16,110589.3056537628,0.04663135498897564,
2020-06-17,110579.25568122862,0.04671799382480768,
2020-06-18,110548.0556537628,0.04698696312282025,
2020-06-19,110565.60585517882,0.04683566628950764,
2020-06-22,110484.3056537628,0.047536539329670946,
2020-06-23,110464.20570869444,0.04770981700133492,
2020-06-24,110525.25581855772,0.04718351601613524,
2020-06-25,110487.75581855772,0.04750679613781217,
2020-06-26,110547.90573616026,0.0469882555329747,
2020-06-29,110516.25572700499,0.047261104034595824,
2020-06-30,110440.20584602354,0.04791671509532103,
2020-07-01,110422.35580940245,0.04807059674894243,
2020-07-02,110398.95584602354,0.04827232322916564,
2020-07-06,110332.35580940245,0.04884646904096701,
2020-07-07,110369.10576362608,0.04852965491635275,
2020-07-08,110300.40573616026,0.049121904336042244,
2020-07-09,110278.0556537628,0.04931457999889399,
2020-07-10,110287.8057910919,0.049230525983370854,
2020-07-13,110386.8056537628,0.048377067646031,
2020-07-14,110367.60567207335,0.04854258691047797,
2020-07-15,110372.25586433409,0.04850249851794797,
2020-07-16,110434.0557910919,0.047969733508830936,
2020-07-17,110449.6556903839,0.0478352498463972,
2020-07-20,110318.85567207335,0.04896285106865794,
2020-07-21,110361.60576362608,0.04859431094068811,
2020-07-22,110316.60576362608,0.0489822470867004,
2020-07-23,110454.75586433409,0.04779128225025875,
2020-07-24,110473.35571784971,0.047630936572719995,
2020-07-27,110435.10567207335,0.04796068269145948,
2020-07-28,110462.55569953917,0.04772404140561459,
2020-07-29,110600.2854975128,0.04653669991634912,
2020-07-30,110582.84509834288,0.04668705016610242,
2020-07-31,110703.8351648712,0.045644018607996495,
2020-08-03,111960.60503181456,0.03480965286118787,
2020-08-04,111606.35503181456,0.0378635724106291,
2020-08-05,111568.20602973936,0.03819244745150163,
2020-08-06,111939.89642890928,0.03498817765230722,
2020-08-07,111518.06529792784,0.03862470083499492,
2020-08-10,111056.99576362608,0.04259949057234391,
2020-08-11,110526.16629585264,0.047175666970516894,
2020-08-12,111159.45602973936,0.04171620077777993,
2020-08-13,111106.04543098448,0.042176643040828354,
2020-08-14,111127.84509834288,0.041988712397731276,
2020-08-17,111278.26563056944,0.04069196658544039,
2020-08-18,111410.15636238096,0.03955496253669144,
2020-08-19,111215.04543098448,0.041236975487154104,
2020-08-20,111746.96596321104,0.036651393237003504,
2020-08-21,111576.92622932432,0.038117272326624985,
2020-08-24,111649.95602973936,0.03748769678624597,
2020-08-25,111952.97589668272,0.034875422134086786,
2020-08-26,112463.09509834288,0.030477784865222124,
2020-08-27,113054.96596321104,0.025375382592912832,
2020-08-28,113308.936162796,0.023185955472269204,
2020-08-31,112940.51563056944,0.026362036391908594,
2020-09-01,113130.17622932432,0.024727009686767443,
2020-09-02,113607.59509834288,0.020611275551642882,
2020-09-03,112043.44609626768,0.03409549634395448,
2020-09-04,111710.99576362608,0.03696148525029863,
2020-09-08,110447.686162796,0.04785222875621742,
2020-09-09,111388.35503181456,0.03974290751797749,
2020-09-10,110743.07523139952,0.04530573771514612,
2020-09-11,110597.01563056944,0.04656488879590426,
2020-09-14,110747.436162796,0.04526814298361337,
2020-09-15,111114.76563056944,0.04210146791595171,
2020-09-16,110708.19609626768,0.04560642387646363,
2020-09-17,110474.936162796,0.04761731186779894,
2020-09-18,110200.25569709776,0.049985278117750886,
2020-09-21,110434.60503181456,0.04796499861262693,
2020-09-22,110966.52556404112,0.04337941636247622,
2020-09-23,110222.05536445616,0.04979734747465381,
2020-09-24,110505.45602973936,0.04735420609982521,
2020-09-25,111010.12656196592,0.043003540738093204,
2020-09-28,111186.70602973936,0.04148128388936134,
2020-09-29,110949.0851648712,0.043529766612229515,
2020-09-30,111283.71596321104,0.040644980340118875,
2020-10-01,111515.8864954376,0.038643483862572325,
2020-10-02,110832.45602973936,0.04453520343880257,
2020-10-05,111289.16629585264,0.04059799409479736,
2020-10-06,110801.936162796,0.0447983092067763,
2020-10-07,111229.21596321104,0.041114814116956055,
2020-10-08,111310.96596321104,0.040410063451700395,
2020-10-09,111881.0354975128,0.03549560616067715,
2020-10-12,112490.34509834288,0.030242867976803534,
2020-10-13,112649.4858301544,0.028870947039636108,
2020-10-14,112431.4858301544,0.030750282146984498,
2020-10-15,112300.686162796,0.031877880343755716,
2020-10-16,112300.686162796,0.031877880343755716,
2020-10-19,111707.72589668272,0.03698967412985377,
2020-10-20,111754.59509834288,0.036585623964104586,
2020-10-21,111770.94609626768,0.03644466522814005,
2020-10-22,111780.75569709776,0.036360098589474754,
2020-10-23,111926.81529792784,0.03510094750871662,
2020-10-26,111256.46596321104,0.040879897228537465,
2020-10-27,111601.99576362608,0.03790115280397288,
2020-10-28,110449.86496528624,0.04783344572864001,
2020-10-29,110672.22589668272,0.04591651588975887,
2020-10-30,110426.97589668272,0.04803076788552585,
2020-11-02,110411.71596321104,0.048162320769512657,
2020-11-03,110858.61496528624,0.04430969240236171,
2020-11-04,111944.25569709776,0.03495059725896332,
2020-11-05,112696.35503181456,0.028466896873886816,
2020-11-06,112743.22589668272,0.028062832369948665,
2020-11-09,112162.25569709776,0.03307126215161493,
2020-11-10,111357.8351648712,0.0400060132859511,
2020-11-11,111961.69609626768,0.03480024700921014,
2020-11-12,111840.70602973936,0.03584327856731606,
2020-11-13,111957.3351648712,0.03483784174074289,
2020-11-16,112035.81529792784,0.03416127995504237,
2020-11-17,111733.8864954376,0.036764148755223935,
2020-11-18,111365.46596321104,0.039940229674863215,
2020-11-19,111511.52556404112,0.03868107859410519,
2020-11-20,111290.25569709776,0.040588602581008715,
2020-11-23,111259.7358301544,0.04085170834898233,
2020-11-24,111668.4858301544,0.03732795502270403,
2020-11-25,111669.57523139952,0.03731856350891527,
2020-11-27,111817.81529792784,0.03604061506239087,
2020-11-30,111691.37656196592,0.03713061852762933,
2020-12-01,111924.6364954376,0.035119730536294025,
2020-12-02,111833.07523139952,0.03590906217840395,
2020-12-03,111709.90636238096,0.03697087676408739,
2020-12-04,111722.9858301544,0.03685812124586696,
2020-12-07,111715.35503181456,0.03692390485695485,
2020-12-08,111902.8351648712,0.03530767551758007,
2020-12-09,111443.94609626768,0.03926366788916269,
2020-12-10,111304.42622932432,0.040466441210810555,
2020-12-11,111603.0851648712,0.03789176129018412,
2020-12-14,111705.54543098448,0.03700847149562014,
2020-12-15,111697.91629585264,0.03707424076851906,
2020-12-16,112259.26563056944,0.032234958602372465,
2020-12-17,112324.69323982236,0.031670920056230734,
2020-12-18,112415.16343940732,0.030890994266098537,
2020-12-21,111979.16343940732,0.03464966448079532,
2020-12-22,111832.01277412412,0.03591822141353118,
2020-12-23,112150.29257453915,0.03317439387738508,
2020-12-24,111961.7230402374,0.03480001473054861,
2020-12-28,111720.83230842587,0.03687668633297181,
2020-12-29,111809.1237055206,0.03611554357041691,
2020-12-30,112078.35383857724,0.03379456356578647,
2020-12-31,111997.69323982236,0.034489922717253374,
2021-01-04,112513.26277412412,0.03004529920306731,
2021-01-05,112490.3737055206,0.030242621359953037,
2021-01-06,113106.2230402374,0.02493350541696926,
2021-01-07,112447.86377204892,0.030609091132358435,
2021-01-08,112302.89357246396,0.03185885069932781,
2021-01-11,112535.06244148251,0.029857368559970232,
2021-01-12,112814.10383857724,0.027451807578485532,
2021-01-13,113108.9854884338,0.024909690894594383,
2021-01-14,112763.70631362911,0.027886274725084093,
2021-01-15,112792.41670280453,0.027638768108923517,
2021-01-19,113053.3094652557,0.02538966293586109,
2021-01-20,113882.80882438656,0.01823871216917461,
2021-01-21,113948.95933708188,0.017668441614691166,
2021-01-22,114051.85888847348,0.016781364828174383,
2021-01-25,114427.75908073422,0.013540803231043008,
2021-01-26,114721.75940116879,0.01100628431469275,
2021-01-27,114781.60856803891,0.010490336422745106,
2021-01-28,115414.75843986508,0.005032075953313564,
2021-01-29,114682.9099138641,0.011341198100904615,
2021-02-01,115490.35856803891,0.004380342123051495,
2021-02-02,115475.65863212582,0.004507067378268226,
2021-02-03,115842.10920890805,0.0013479690569153657,
2021-02-04,115738.15863212582,0.002244106526529843,
2021-02-05,115758.10888847348,0.0020721192918750075,
2021-02-08,115786.45933708188,0.001827715652522599,
2021-02-09,115922.95965751645,0.0006509732472151919,
2021-02-10,115823.20997795102,0.0015108956084723957,
2021-02-11,115998.55978569028,0.0,367 days
2021-02-12,116051.05978569028,0.0,
2021-02-16,115915.60888847348,0.0011671663961271284,
2021-02-17,115968.10888847348,0.0007147793167074923,
2021-02-18,115925.058503952,0.001085740035213556,
2021-02-19,115628.95933708188,0.0036371959841460244,
2021-02-22,114950.65863212582,0.009482043124780959,
2021-02-23,114820.45965751645,0.010603954246056535,
2021-02-24,114954.85952934262,0.009445844427202976,
2021-02-25,114371.05978569028,0.0144763865414278,
2021-02-26,114727.00972160336,0.011409202695193077,
2021-03-01,115205.8094652557,0.007283434739807526,
2021-03-02,114883.45869621274,0.010061098034207738,
2021-03-03,114220.90895256039,0.01577022076756207,
2021-03-04,114133.75876029965,0.016521184976089676,
2021-03-05,114645.10984977719,0.01211492543462711,
2021-03-08,114203.05914482113,0.01592403071787385,
2021-03-09,114874.00908073422,0.010142524395121422,
2021-03-10,114731.2090166473,0.011373017803373076,
2021-03-11,115225.75972160336,0.007111525440706701,
2021-03-12,115080.85920890805,0.008360118197747402,
2021-03-15,114982.15895256039,0.009210608115977625,
2021-03-16,115286.6599138641,0.00658675477188897,
2021-03-17,115216.308503952,0.007192965607378365,
2021-03-18,114552.70933708188,0.012911131112248175,
2021-03-19,114513.85984977719,0.013245893133176145,
2021-03-22,115106.05978569028,0.008142967429553116,
2021-03-23,115273.00940116879,0.006704379830380636,
2021-03-24,115343.10223002621,0.006100397161141302,
2021-03-25,115439.82255168149,0.0052669681357288,
2021-03-26,115311.48257060238,0.0063728605016935,
2021-03-29,115349.92226786801,0.00604162959922161,
2021-03-30,115455.01224894711,0.005136080082714267,
2021-03-31,115333.4923057098,0.006183204886759275,
2021-04-01,115129.51224894711,0.007940879975115833,
2021-04-05,114921.19221110531,0.009735952232331813,
2021-04-06,114958.7024192352,0.009412730641773726,
2021-04-07,114895.46262736508,0.009957661398863782,
2021-04-08,114791.6124381561,0.010852527756833763,
2021-04-09,114711.01224894711,0.011547051265346608,
2021-04-12,114709.1523246307,0.011563078041145425,
2021-04-13,114629.17274089047,0.012252253856410933,
2021-04-14,114719.07255168149,0.011477596468903895,
2021-04-15,114597.8624381561,0.012522051502310894,
2021-04-16,114559.42274089047,0.012853282404782784,
2021-04-19,114621.42274089047,0.01231903480623009,
2021-04-20,114636.30213542172,0.012190820599839114,
2021-04-21,114564.38285441586,0.012810541618662019,
2021-04-22,114670.09202189633,0.01189965663686443,
2021-04-23,114546.71262736508,0.012962804140722595,
2021-04-26,114534.31281657406,0.013069652030038847,
2021-04-27,114521.2924003143,0.013181847612602327,
2021-04-28,114751.00251383969,0.011202459281728028,
2021-04-29,114814.55260844418,0.010654854678014414,
2021-04-30,115089.80257363888,0.008283054147256719,
2021-05-03,115061.00328775021,0.008531214620257521,
2021-05-04,114954.8850646362,0.009445624392214635,
2021-05-05,114697.55188238522,0.011663037854238945,
2021-05-06,114679.37164143368,0.011819695113423956,
2021-05-07,114688.85712907407,0.01173795964579527,
2021-05-10,114218.93587968442,0.01578722253281628,
2021-05-11,113967.4081808929,0.01795461074328164,
2021-05-12,113650.81871134945,0.020682629514743867,
2021-05-13,113884.4279570312,0.01866964276466032,
2021-05-14,114100.47834486385,0.016807958879725304,
2021-05-17,113933.36304959102,0.018247974124579125,
2021-05-18,113634.34604074093,0.020824572816588227,
2021-05-19,113299.37982278438,0.02371094213174252,
2021-05-20,113502.65063334652,0.021959378544667008,
2021-05-21,113387.37084819027,0.022952732550818533,
2021-05-24,113881.05090190121,0.018698742500037335,
2021-05-25,113963.77111674496,0.017985950949520713,
2021-05-26,113943.53149272152,0.01816035370000668,
2021-05-27,113751.69079447933,0.01981342518937057,
2021-05-28,113784.25036479183,0.019532862733735668,
2021-06-01,113583.61047221371,0.02126175597218294,
2021-06-02,113574.81127787777,0.021337577721266432,
2021-06-03,113434.8916001434,0.022543251137715714,
2021-06-04,113881.93041850277,0.0186911637962911,
2021-06-07,114147.69079447933,0.01640113407603394,
2021-06-08,114038.57165385433,0.017341402444341014,
2021-06-09,114128.33068705746,0.016567958122773674,
2021-06-10,114449.53014994808,0.013800215514616632,
2021-06-11,114506.73229838558,0.01330731050760392,
2021-06-14,114682.73229838558,0.011790736679454406,
2021-06-15,114548.08972026058,0.012950937873425716,
2021-06-16,114461.85143901058,0.013694044238927727,
2021-06-17,114771.61047221371,0.011024882632173383,
2021-06-18,114642.25036479183,0.012139565321506507,
2021-06-21,114923.85143901058,0.009713037940035085,
2021-06-22,115177.29186869808,0.007529167924926861,
2021-06-23,115156.17004252621,0.00771117252023934,
2021-06-24,115281.13122416683,0.006634394920177811,
2021-06-25,115134.17004252621,0.007900744248757974,
2021-06-28,115459.77111674496,0.0050950734102492845,
2021-06-29,115695.61047221371,0.0030628700343879878,
2021-06-30,115651.61047221371,0.0034420134914254774,
2021-07-01,115713.21154643246,0.00291120339514106,
2021-07-02,116245.61047221371,0.0,140 days
2021-07-06,116246.49133158871,0.0,
2021-07-07,116446.25036479183,0.0,
2021-07-08,116225.37219096371,0.001896825128642421,
2021-07-09,116271.13122416683,0.001503862426453395,
2021-07-12,116216.57165385433,0.001972401088210063,
2021-07-13,116538.65197611996,0.0,6 days
2021-07-14,116673.29186869808,0.0,
2021-07-15,116543.05090190121,0.0011162877528427817,
2021-07-16,116518.41100932308,0.0013274748393085067,
2021-07-19,116189.29186869808,0.0041483358551731575,
2021-07-20,116392.57165385433,0.0024060366374136777,
2021-07-21,116575.61047221371,0.0008372215690486406,
2021-07-22,116992.73229838558,0.0,8 days
2021-07-23,117303.37219096371,0.0,
2021-07-26,117248.80993510433,0.0004651379993624305,
2021-07-27,117027.93176127621,0.0023481032517896905,
2021-07-28,117304.93399662776,0.0,5 days
2021-07-29,117295.13403935237,8.354258377296642e-05,
2021-07-30,117350.78391117854,0.0,2 days
2021-08-02,117353.93378300472,0.0,
2021-08-03,117273.43421025081,0.0006859554695691772,
2021-08-04,117294.7836975555,0.0005040315526072536,
2021-08-05,117189.43442387386,0.0014017370686101316,
2021-08-06,117191.53433842464,0.0013838432112583954,
2021-08-09,117231.08450932307,0.0010468270617054465,
2021-08-10,117297.23395390315,0.000483152351811289,
2021-08-11,117279.38361210628,0.000635259240958086,
2021-08-12,117179.28412480159,0.0014882301135815679,
2021-08-13,117072.88382572932,0.002394891659917131,
2021-08-16,117011.63382572932,0.002916817069876232,
2021-08-17,117064.83450932307,0.0024634817458799585,
2021-08-18,117147.08365483089,0.0017626177624032735,
2021-08-19,116935.68442387386,0.0035639994812975972,
2021-08-20,116670.03455204768,0.005827663452863896,
2021-08-23,116659.88425297542,0.005914156497835332,
2021-08-24,116730.93421025081,0.0053087233863491345,
2021-08-25,116752.2836975555,0.005126799469387322,
2021-08-26,116854.4841675262,0.004255925637755231,
2021-08-27,116832.43399662776,0.004443820241605501,
2021-08-30,116696.9841675262,0.005598019549078459,
2021-08-31,116756.83386845393,0.00508802641123951,
2021-09-01,116758.58450932307,0.00507310879567513,
2021-09-02,116782.38425297542,0.0048703056779172416,
2021-09-03,116782.73352665706,0.004867329436129886,
2021-09-07,116816.33429570003,0.004581009515188028,
2021-09-08,116815.28433842464,0.004589956443863841,
2021-09-09,116918.88403935237,0.0037071594417684706,
2021-09-10,116972.78433842464,0.003247862532540613,
2021-09-13,116830.22396086116,0.0044626524672954915,
2021-09-14,117051.42540739436,0.0025777438033710576,
2021-09-15,117448.79531095881,0.0,44 days
2021-09-16,117480.39482878108,0.0,
2021-09-17,117057.74434660334,0.0035976256531459194,
2021-09-20,116617.71376799006,0.007343191704865415,
2021-09-21,116657.21376799006,0.007006965391891495,
2021-09-22,116955.83367155452,0.004465095286673715,
2021-09-23,117033.25453947444,0.003806084325459702,
2021-09-24,117016.66521452327,0.0039472936308535544,
2021-09-27,116607.44579313655,0.007430593308073163,
2021-09-28,115766.09386442561,0.014592230191717848,
2021-09-29,115865.62210182185,0.013745040006995501,
2021-09-30,115546.49131126399,0.016461499983342787,
2021-10-01,115553.39816709896,0.016402708422035617,
2021-10-04,115541.41812559505,0.016504683236823747,
2021-10-05,115892.38181730648,0.01351725974184037,
2021-10-06,115641.42853605647,0.015653388766736498,
2021-10-07,115595.06553788752,0.016048033321996225,
2021-10-08,115595.06553788752,0.016048033321996225,
2021-10-11,115547.32591386409,0.016454395797139587,
2021-10-12,115443.37544389338,0.017339228284485197,
2021-10-13,115707.48487992854,0.015091113299682268,
2021-10-14,116203.36506791682,0.010870152102616215,
2021-10-15,116315.78440995784,0.009913232080302259,
2021-10-18,116552.9457258758,0.007894501071918913,
2021-10-19,116625.32591386409,0.007278396673446541,
2021-10-20,116562.18534989924,0.007815852851193239,
2021-10-21,116820.13581986995,0.005620163346177098,
2021-10-22,116696.93534989924,0.006668852960731608,
2021-10-25,116617.62544389338,0.007343943524748209,
2021-10-26,116770.08393998713,0.006046207878592558,
2021-10-27,117775.70610185237,0.0,41 days
2021-10-28,117866.56553788752,0.0,
2021-10-29,118426.35469194026,0.0,
2021-11-01,118253.10469194026,0.00146293450010071,
2021-11-02,118542.62544389338,0.0,4 days
2021-11-03,118609.61506791682,0.0,
2021-11-04,118797.4952559051,0.0,
2021-11-05,118768.23487992854,0.0002463046540966962,
2021-11-08,118839.8443159637,0.0,4 days
2021-11-09,118759.76600785823,0.0006738338354984608,
2021-11-10,118363.21412797541,0.004010693473487259,
2021-11-11,118488.72450395198,0.002954563042662506,
2021-11-12,118819.05516191096,0.0001749342080713534,
2021-11-15,118769.00563188166,0.0005960852985779086,
2021-11-16,119033.88581986995,0.0,8 days
2021-11-17,119003.85469194026,0.000252290578626746,
2021-11-18,119169.40422196955,0.0,2 days
2021-11-19,119311.08393998713,0.0,
2021-11-22,119058.52403398127,0.0021168184687090363,
2021-11-23,118796.26901689143,0.004314896035599314,
2021-11-24,118790.97876420588,0.004359236029092384,
2021-11-26,118980.26901689143,0.0027727090574594104,
2021-11-29,118820.41873612971,0.004112486347909061,
2021-11-30,118959.33893266291,0.0029481335321800417,
2021-12-01,118464.86521562189,0.00709254074659893,
2021-12-02,118422.97547563165,0.007443637548395721,
2021-12-03,117962.8968623504,0.011299763887107628,
2021-12-06,118010.46866526788,0.010901043153488166,
2021-12-07,118227.09052317803,0.009085437672784358,
2021-12-08,118230.58966868585,0.00905610975628024,
2021-12-09,118099.69001048272,0.010153238823257471,
2021-12-10,118760.49018138116,0.004614774591126136,
2021-12-13,118540.68915599053,0.006457026108187103,
2021-12-14,117766.48932688897,0.012945944015353095,
2021-12-15,117768.09725743096,0.01293246722435526,
2021-12-16,117758.34725743096,0.0130141863712947,
2021-12-17,117757.24725132744,0.013023406018515926,
2021-12-20,117720.51477891534,0.013331277434976974,
2021-12-21,118244.49512559503,0.008939561851006195,
2021-12-22,118664.1053856048,0.0054226190310010525,
2021-12-23,118769.89469224542,0.004535951144437944,
2021-12-27,119320.8553856048,0.0,38 days
2021-12-28,119235.65451890558,0.0007140484069099173,
2021-12-29,119285.3553856048,0.00029751714304493415,
2021-12-30,119098.6250389251,0.0018624602209019736,
2021-12-31,118885.6250389251,0.0036475630791714675,
2022-01-03,118774.15451890558,0.004581771266493728,
2022-01-04,118366.61521226495,0.007997262257767646,
2022-01-05,117469.88486558526,0.015512548196522924,
2022-01-06,117219.57101896661,0.01761036961935558,
2022-01-07,117189.32492649835,0.017863855000184725,
2022-01-10,117205.6535397796,0.01772700873614741,
2022-01-11,117124.0745644378,0.018410702924209987,
2022-01-12,117015.08725736993,0.0193240998883506,
2022-01-13,117116.55378712456,0.018473732788427233,
2022-01-14,117532.63171485893,0.014986681623819442,
2022-01-18,117054.78608955376,0.01899139332120825,
2022-01-19,116809.88010362236,0.02104389273667051,
2022-01-20,117214.85328898612,0.017649907803734544,
2022-01-21,116686.47587681572,0.022078114511295155,
2022-01-24,116380.9452621917,0.024638694668356997,
2022-01-25,116118.22678361504,0.026840476391490342,
2022-01-26,116742.94687638848,0.021604844357554942,
2022-01-27,117165.90030918877,0.018060171203532982,
2022-01-28,117753.54230485528,0.013135281973000401,
2022-01-31,117960.26239762871,0.011402809538861414,
2022-02-01,117791.54230485528,0.012816812918473364,
2022-02-02,118148.74091325371,0.009823215468605206,
2022-02-03,117220.78156266778,0.017600224337566917,
2022-02-04,117577.22174821465,0.014612983051079387,
2022-02-07,117197.98249040215,0.01779129799515966,
2022-02-08,117472.3413771209,0.01549196075162318,
2022-02-09,117977.74091325371,0.01125632621397643,
2022-02-10,117306.66193376153,0.016880481164286643,
2022-02-11,116748.82221208184,0.021555604552205176,
2022-02-14,116745.78156266778,0.021581087519153663,
2022-02-15,117161.50165544121,0.018097035285116525,
2022-02-16,117087.78156266778,0.018714866028411214,
2022-02-17,116421.26239762871,0.024300806247202766,
2022-02-18,116208.46100602715,0.026084244615238728,
2022-02-22,116192.50165544121,0.02621799617555365,
2022-02-23,115626.30072770684,0.03096319286312854,
2022-02-24,116714.62128434746,0.021842234476402766,
2022-02-25,116921.3413771209,0.02010976204226389,
2022-02-28,117033.82221208184,0.019167086643253062,
2022-03-01,116741.98249040215,0.021612926649483,
2022-03-02,117140.22174821465,0.018275377178139318,
2022-03-03,116815.70258317559,0.02099509590618842,
2022-03-04,116355.14044938653,0.024854958729838783,
2022-03-07,115522.94184098809,0.0318294193612938,
2022-03-08,115290.38202653496,0.033778448419974016,
2022-03-09,116251.78156266778,0.02572118522800404,
2022-03-10,116030.62128434746,0.027574677457887886,
2022-03-11,115611.1021193084,0.03109056882225425,
2022-03-14,115335.22174821465,0.03340265726816927,
2022-03-15,116149.18109880059,0.026581055562788447,
2022-03-16,116699.42267594903,0.021969610435528475,
2022-03-17,116762.50165544121,0.02144096035764953,
2022-03-18,117158.46100602715,0.018122518252065123,
2022-03-21,117061.94184098809,0.018931422652952445,
2022-03-22,117434.3413771209,0.015810429806150106,
2022-03-23,117087.02082048028,0.018721241629600427,
2022-03-24,117437.38202653496,0.01578494683920162,
2022-03-25,117405.46100602715,0.016052469397639935,
2022-03-28,117938.98249040215,0.011581151431884207,
2022-03-29,118296.94184098809,0.008581178380826726,
2022-03-30,118179.14044938653,0.009568444112545427,
2022-03-31,117757.3413771209,0.013103442842671065,
2022-04-01,117841.70258317559,0.012396431433960853,
2022-04-04,118263.50165544121,0.008861432703835104,
2022-04-05,117952.66193376153,0.01146650723732856,
2022-04-06,117087.78156266778,0.018714866028411214,
2022-04-07,117229.90119157403,0.017523794874529708,
2022-04-08,116895.50165544121,0.020326318666805232,
2022-04-11,116005.54230485528,0.027784858481239905,
2022-04-12,115762.3413771209,0.029823068205335757,
2022-04-13,116184.90119157403,0.026281693874020795,
2022-04-14,115592.86054215996,0.03124344718613692,
2022-04-18,115645.30072770684,0.030803958335865134,
2022-04-19,116008.5806349334,0.02775939495209989,
2022-04-20,116089.14044938653,0.02708424211152738,
2022-04-21,115667.3413771209,0.030619240841653128,
2022-04-22,115152.06146989434,0.03493768044352619,
2022-04-25,115660.50165544121,0.03067656293893095,
2022-04-26,114862.50165544121,0.03736441308399674,
2022-04-27,115850.50165544121,0.029084217666296208,
2022-04-28,116337.66193376153,0.025001442054723766,
2022-04-29,115417.30072770684,0.0327147726630268,
2022-05-02,115945.50165544121,0.028288045029978837,
2022-05-03,115741.06146989434,0.03000141009835844,
2022-05-04,116364.26239762871,0.02477850982899321,
2022-05-05,115404.38202653496,0.032823041256393126,
2022-05-06,115205.26239762871,0.03449181599206497,
2022-05-09,114433.86054215996,0.040956753349208785,
2022-05-10,114807.78156266778,0.03782300930002791,
2022-05-11,114127.5806349334,0.04352361315118369,
2022-05-12,113732.38202653496,0.04683567965557878,
2022-05-13,114170.90119157403,0.043160553763948895,
2022-05-16,114199.78156266778,0.042918514172459066,
2022-05-17,114604.1021193084,0.0395299987672183,
2022-05-18,113635.86170182793,0.04764459377537045,
2022-05-19,113564.42151628106,0.04824331715290575,
2022-05-20,113520.3413771209,0.048612742422425526,
2022-05-23,114135.18109880059,0.04345991545271655,
2022-05-24,114056.90119157403,0.044115960927529785,
2022-05-25,114277.30072770684,0.04226884429883515,
2022-05-26,114534.18109880059,0.04011599038018365,
2022-05-27,115092.02082048028,0.03544086699226512,
2022-05-31,114987.90119157403,0.03631346909161959,
2022-06-01,115029.70258317559,0.03596314146895485,
2022-06-02,113613.90803678887,0.04782858227401232,
2022-06-03,113960.46785124199,0.044924146051751324,
2022-06-06,114056.98701628105,0.04411524165086389,
2022-06-07,113771.98701628105,0.046503759559816005,
2022-06-08,113930.82673796074,0.045172561244430365,
2022-06-09,114357.94636686699,0.041592972181596854,
2022-06-10,115254.74659880059,0.03407710055098012,
2022-06-13,116070.22743376152,0.027242747643220766,
2022-06-14,115900.74659880059,0.02866312662402204,
2022-06-15,115348.22743376152,0.0332936596792327,
2022-06-16,115864.26692350762,0.028968854195074667,
2022-06-17,115660.58748014824,0.030675843662265057,
2022-06-21,115197.74659880059,0.034554804132770456,
2022-06-22,115244.1066451873,0.03416627149749152,
2022-06-23,114808.6281295623,0.0378159144221728,
2022-06-24,114136.78608854668,0.0434464644114807,
2022-06-27,114350.3459029998,0.041656669880064,
2022-06-28,114989.50618132012,0.03630001805038374,
2022-06-29,114702.22627409355,0.03870764332509502,
2022-06-30,114962.90803678887,0.03652293083830571,
2022-07-01,114753.90803678887,0.038274510638203973,
2022-07-05,114505.38655241387,0.04035731069500759,
2022-07-06,114250.02766569512,0.04249741341128066,
2022-07-07,114083.58748014824,0.043892309425133336,
2022-07-08,114139.82673796074,0.043420981444532214,
2022-07-11,114379.22627409355,0.04141463028857406,
2022-07-12,115203.06715544121,0.034510213800062695,
2022-07-13,115275.26692350762,0.033905124540242304,
2022-07-14,115171.9068771209,0.0347713607573118,
2022-07-15,114971.26692350762,0.03645287697645794,
2022-07-18,115158.98701628105,0.03487963906958247,
2022-07-19,114757.70710905449,0.03824267150787464,
2022-07-20,114549.46785124199,0.039987875706583575,
2022-07-21,114354.14729460137,0.04162481131192619,
2022-07-22,114694.6281295623,0.03877132158575369,
2022-07-25,114810.90803678887,0.03779680705641353,
2022-07-26,115337.58748014824,0.0333828306257441,
2022-07-27,114057.74775846855,0.04410886604967468,
2022-07-28,113474.82673796074,0.048994189898753704,
2022-07-29,113145.74775846855,0.051752123358321356,
2022-08-01,113353.22627409355,0.05001329476080163,
2022-08-02,113595.66645964043,0.0479814606378951,
2022-08-03,113014.26692350762,0.05285403328459559,
2022-08-04,112924.58748014824,0.0536056155882052,
2022-08-05,112980.82673796074,0.05313428760760397,
2022-08-08,113177.66645964043,0.051484620237691514,
2022-08-09,113027.18794401543,0.052745745253420684,
2022-08-10,112505.82673796074,0.05711515078919083,
2022-08-11,112668.46785124199,0.05575209390566749,
2022-08-12,112296.82673796074,0.05886673058908909,
2022-08-15,112178.26692350762,0.05986035248418842,
2022-08-16,112236.02766569512,0.05937627330120876,
2022-08-17,112341.66645964043,0.05849093943728423,
2022-08-18,112429.06599577324,0.057758464499434004,
2022-08-19,112734.58748014824,0.055197960860839945,
2022-08-22,113372.98701628105,0.0498476846323489,
2022-08-23,113472.54683073418,0.04901329726451298,
2022-08-24,113521.94636686699,0.04859929138118968,
2022-08-25,113289.38655241387,0.0505483204398699,
2022-08-26,114107.14729460137,0.04369486016635127,
2022-08-29,114324.50618132012,0.04187322650460523,
2022-08-30,114496.26692350762,0.040433740158044684,
2022-08-31,114610.26692350762,0.039478332994463905,
2022-09-01,114691.58748014824,0.03879680455270218,
2022-09-02,115021.42720182793,0.036032495491945316,
2022-09-06,115234.98701628105,0.034242700960528616,
2022-09-07,114867.14729460137,0.03732547907581241,
2022-09-08,114834.46785124199,0.03759935779763157,
2022-09-09,114383.02766569512,0.04138277172043636,
2022-09-12,114216.58748014824,0.04277766773428904,
2022-09-13,115330.74659880059,0.03344016244192616,
2022-09-14,115313.26692350762,0.03358665548571538,
2022-09-15,115833.1066451873,0.02923000115232377,
2022-09-16,115881.74659880059,0.028822361151285447,
2022-09-19,115898.46669157402,0.028682233989781314,
2022-09-20,116055.78724821465,0.027363767438965736,
2022-09-21,116321.78724821465,0.02513448405727703,
2022-09-22,116167.50734098809,0.02642746764114412,
2022-09-23,116400.06715544121,0.0244784385824639,
2022-09-26,116435.78724821465,0.02417907689369625,
2022-09-27,116514.82673796074,0.023516665536598036,
2022-09-28,116160.66645964043,0.02648479945732618,
2022-09-29,116431.98701628105,0.024210925742929823,
2022-09-30,116781.58748014824,0.021281006553720117,
2022-10-03,116185.74659880059,0.026274608715069925,
2022-10-04,115567.1066451873,0.03145928453401248,
2022-10-05,115542.78724821465,0.03166309967507941,
2022-10-06,115725.94752653496,0.0301280764997226,
2022-10-07,116679.74659880059,0.02213451100621966,
2022-10-10,117058.98701628105,0.01895618634323515,
2022-10-11,117350.82673796074,0.01651034633700521,
2022-10-12,117324.98701628105,0.016726902961546553,
2022-10-13,116679.74659880059,0.02213451100621966,
2022-10-14,117111.42720182793,0.018516697492963252,
2022-10-17,116429.70710905449,0.024230033108689097,
2022-10-18,116355.98701628105,0.024847863851983676,
2022-10-19,116509.50734098809,0.02356124615040156,
2022-10-20,116534.58748014824,0.023351055408145305,
2022-10-21,116080.8673873748,0.02715357669670937,
2022-10-24,115690.98701628105,0.030421072306205166,
2022-10-25,115431.82673796074,0.03259303359061605,
2022-10-26,116901.66645964043,0.020274652894050726,
2022-10-27,117248.98701628105,0.017363841070600405,
2022-10-28,116555.8673873748,0.023172713515122623,
2022-10-31,116840.1066451873,0.02079057120735972,
2022-11-01,117141.06715544121,0.018268292019188448,
2022-11-02,117754.38655241387,0.013128206532953768,
2022-11-03,118198.98701628105,0.0094021147074268,
2022-11-04,117656.34706266777,0.01394985241731539,
2022-11-07,117163.8673873748,0.018077208642691467,
2022-11-08,117087.8673873748,0.01871414675174532,
2022-11-09,117419.22743376152,0.015937096207514156,
2022-11-10,116015.50734098809,0.027701343859251937,
2022-11-11,115701.62696989434,0.03033190135969388,
2022-11-14,116124.18678434746,0.02679052702837892,
2022-11-15,116092.26692350762,0.027058039867912997,
2022-11-16,116110.50734098809,0.026905171222934565,
2022-11-17,116114.30757292168,0.026873322373700992,
2022-11-18,116149.26692350762,0.026580336286122552,
2022-11-21,116086.18678434746,0.027108996082905845,
2022-11-22,115859.70710905449,0.029007068926593216,
2022-11-23,115665.9068771209,0.030631263048461532,
2022-11-25,115672.74659880059,0.03057394095118371,
2022-11-28,116108.22743376152,0.02692427858869384,
2022-11-29,116216.9068771209,0.02601346175782082,
2022-11-30,115091.34706266777,0.03544651359788431,
2022-12-01,115125.54683073418,0.035159893392590846,
2022-12-02,115100.46669157402,0.0353700841348471,
2022-12-05,115466.78724821465,0.03230003778413337,
2022-12-06,115852.8673873748,0.02906439102387104,
2022-12-07,115909.8673873748,0.028586687442080705,
2022-12-08,115679.58748014824,0.03051660913500165,
2022-12-09,115830.06715544121,0.02925547440036813,
2022-12-12,115291.22743376152,0.033771363261023146,
2022-12-13,114956.06599577324,0.03658027237339212,
2022-12-14,114933.26692350762,0.036771346030984864,
2022-12-15,115557.22743376152,0.03154207987933455,
2022-12-16,115885.54683073418,0.028790512302051985,
2022-12-19,116207.78724821465,0.02608989122085792,
2022-12-20,116105.18678434746,0.026949761555642326,
2022-12-21,115905.30757292168,0.028624902173599254,
2022-12-22,116379.54683073418,0.02465041459320161,
2022-12-23,116338.50734098809,0.024994356895772896,
2022-12-27,116473.02650602715,0.023866983440358536,
2022-12-28,116657.70710905449,0.022319218781527428,
2022-12-29,116165.22743376152,0.026446575006903394,
2022-12-30,116255.66645964043,0.02568862682100881,
2023-01-03,116273.9068771209,0.025535758176030376,
2023-01-04,117070.38655241387,0.018860649514438776,
2023-01-05,117586.42720182793,0.014535834311376505,
2023-01-06,117387.30757292168,0.016204609047048346,
2023-01-09,117220.8673873748,0.017599505060901022,
2023-01-10,117089.38655241387,0.018701414987175258,
2023-01-11,116563.46669157402,0.023109025535559713,
2023-01-12,116355.22743376152,0.02485422973426865,
2023-01-13,116300.50734098809,0.025312825950299822,
2023-01-17,116215.38655241387,0.02602620324129512,
2023-01-18,116560.42720182793,0.023134498783603963,
2023-01-19,116855.30757292168,0.020663175810425538,
2023-01-20,116225.26692350762,0.0259433981770687,
2023-01-23,116045.9068771209,0.027446572503192046,
2023-01-24,116086.94752653496,0.02710262048171652,
2023-01-25,116195.62696989434,0.026191803650843504,
2023-01-26,115633.98701628105,0.03089877588799561,
2023-01-27,115621.82673796074,0.031000688317981306,
2023-01-30,116036.02650602715,0.027529377567418467,
2023-01-31,115648.42720182793,0.030777756092250752,
2023-02-01,115272.98701628105,0.03392423190600158,
2023-02-02,114372.38655241387,0.041471952385851996,
2023-02-03,114847.38655241387,0.03749108920426514,
2023-02-06,114967.46785124199,0.03648471610678716,
2023-02-07,114147.42720182793,0.04335728374606507,
2023-02-08,114210.50618132012,0.04282863366818612,
2023-02-09,114446.8673873748,0.040847746041368094,
2023-02-10,114486.38655241387,0.040516545222271105,
2023-02-13,113861.66645964043,0.045752177256206394,
2023-02-14,113797.06599577324,0.046293578536463986,
2023-02-15,114013.66645964043,0.04447830103809869,
2023-02-16,114558.58748014824,0.03991144624354648,
2023-02-17,114869.42720182793,0.03730637171005313,
2023-02-21,115279.06715544121,0.03387327569100884,
2023-02-22,115367.22743376152,0.03313442515196929,
2023-02-23,115119.46669157402,0.035210849607583694,
2023-02-24,115541.26692350762,0.03167584115855371,
2023-02-27,115469.82673796074,0.03227456453608901,
2023-02-28,115526.06715544121,0.03180322683658365,
2023-03-01,115765.46669157402,0.029796875680625612,
2023-03-02,115397.62696989434,0.0328796537959094,
2023-03-03,115079.94752653496,0.03554205042668068,
2023-03-06,114959.8673873748,0.03654841380525431,
2023-03-07,114769.54898924248,0.03814342749768285,
2023-03-08,114736.55533918754,0.038419939511850965,
2023-03-09,114404.15154890434,0.04120573742797373,
2023-03-10,114072.18057112113,0.04398790804442121,
2023-03-13,114546.550734085,0.040012323378766035,
2023-03-14,115157.98165754692,0.0348880647444646,
2023-03-15,115571.83111433403,0.031419689870267775,
2023-03-16,116529.47198347465,0.023393927181541985,
2023-03-17,116816.9402451934,0.020984723352171608,
2023-03-20,116176.14187483207,0.026355103645628986,
2023-03-21,116314.09078840629,0.025198986275128954,
2023-03-22,116181.48165754692,0.026310352183719132,
2023-03-23,116659.4112229766,0.02230493700390679,
2023-03-24,116918.40154890434,0.020134400050490164,
2023-03-27,116545.49133161918,0.023259672795812314,
2023-03-28,116443.14187483207,0.024117439499347526,
2023-03-29,116913.0617661895,0.02017915151240013,
2023-03-30,117228.11981062309,0.017538724208929657,
2023-03-31,117606.36981062309,0.014368700001697654,
2023-04-03,117511.14187483207,0.0151667829142218,
2023-04-04,117506.6902451934,0.015204090974277884,
2023-04-05,117253.93057112113,0.017322410301234048,
2023-04-06,117900.07144026176,0.011907255783169979,
2023-04-10,117703.3822007598,0.013555661997375568,
2023-04-11,117119.53970198051,0.01844870853892533,
2023-04-12,117178.28002790824,0.017956419695219883,
2023-04-13,116992.06772154228,0.01951702119915799,
2023-04-14,117088.26724546806,0.018710795635195288,
2023-04-17,117019.10794371025,0.01929040346263089,
2023-04-18,117030.28775328056,0.019196708110429617,
2023-04-19,117028.20730894462,0.01921414382465758,
2023-04-20,117089.04800718681,0.018704252255027365,
2023-04-21,117098.14737242118,0.018627992617053946,
2023-04-24,117201.88791197196,0.017758567576347306,
2023-04-25,117366.98727720634,0.01637490866189495,
2023-04-26,116667.72215495292,0.022235285039466368,
2023-04-27,117471.82142863456,0.015496318317487545,
2023-04-28,117287.43229899589,0.01704164020646326,
2023-05-01,117329.93260417167,0.016685455153662265,
2023-05-02,117333.68245158378,0.01665402856524234,
2023-05-03,117358.9326957244,0.01644241221318865,
2023-05-04,117333.68245158378,0.01665402856524234,
2023-05-05,117202.6826957244,0.017751906680815943,
2023-05-08,117252.6826957244,0.01733286845117521,
2023-05-09,117293.93254313651,0.016987163190524845,
2023-05-10,117161.18260417167,0.01809970917869963,
2023-05-11,117216.18290934745,0.017638764568488452,
2023-05-12,117244.68251261894,0.017399916102481594,
2023-05-15,117232.43275675956,0.017502578422658455,
2023-05-16,117175.43278727714,0.017980281748688265,
2023-05-17,117118.93254313651,0.018453796994267302,
2023-05-18,117005.93281779472,0.019400821091409615,
2023-05-19,117010.43263468925,0.019363109185305816,
2023-05-22,116939.43272624198,0.01995814270411367,
2023-05-23,117087.43229899589,0.018717793125026083,
2023-05-24,117122.68239054862,0.018422370405847488,
2023-05-25,116820.93220744315,0.02095126765629307,
2023-05-26,116646.68217692558,0.022411616142351543,
2023-05-30,116688.68275675956,0.02205961917000121,
2023-05-31,116759.18217692558,0.021468780125660003,
2023-06-01,116654.43287882987,0.02234665933426261,
2023-06-02,116583.9326957244,0.0229375047726198,
2023-06-05,116570.43248210136,0.02305064688494729,
2023-06-06,116626.93272624198,0.022577131639368142,
2023-06-07,116884.4324210662,0.020419087314324846,
2023-06-08,116837.43229899589,0.02081298427322964,
2023-06-09,116799.18232951347,0.021133548263144175,
2023-06-12,116672.68239054862,0.02219371447261398,
2023-06-13,116611.68232951347,0.022704941624296926,
2023-06-14,116535.43263468925,0.023343972366892562,
2023-06-15,116266.43239054862,0.025598400088444717,
2023-06-16,116410.68287882987,0.024389470703761074,
2023-06-20,116517.6828483123,0.02349272914809064,
2023-06-21,116629.93260417167,0.022551990368632313,
2023-06-22,116476.18275675956,0.023840531645974328,
2023-06-23,116593.43281779472,0.022857886485945555,
2023-06-26,116753.93239054862,0.021512777349447787,
2023-06-27,116604.68236003105,0.022763606720686003,
2023-06-28,116572.68239054862,0.023031790931895335,
2023-06-29,116592.6828483123,0.02286417180362954,
2023-06-30,116455.43232951347,0.024014436091924107,
2023-07-03,116519.18278727714,0.02348015851272267,
2023-07-05,116515.1826957244,0.023513682338375808,
2023-07-06,116437.18281779472,0.024167380953572737,
2023-07-07,116538.43251261894,0.023318831096156734,
2023-07-10,116673.18287882987,0.022189519998147333,
2023-07-11,116759.68216075127,0.02146458987891664,
2023-07-12,117090.78292979424,0.018689712277067727,
2023-07-13,117472.9823316497,0.015486589062602585,
2023-07-14,117653.5813917083,0.013973030854567914,
2023-07-17,117687.88284434502,0.013685558454827995,
2023-07-18,118651.0813917083,0.005613218173235568,
2023-07-19,118342.38113536064,0.008200362351426738,
2023-07-20,117767.68173350517,0.013016782750008726,
2023-07-21,117550.68130625908,0.01483541224729834,
2023-07-24,117644.48104991142,0.01404929867688165,
2023-07-25,118055.38284434502,0.010605627466968803,
2023-07-26,117130.68130625908,0.01835533337628037,
2023-07-27,116637.18216075127,0.02249123354153637,
2023-07-28,117172.68173350517,0.01800333768273321,
2023-07-31,117001.18301524346,0.019440628068454036,
2023-08-01,117030.5818189544,0.019194243615242357,
2023-08-02,116411.78207530205,0.024380258596886528,
2023-08-03,116352.9823316497,0.02487304540655466,
2023-08-04,116690.71893064873,0.022042554475966147,
2023-08-07,116789.79397373955,0.021212229862799026,
2023-08-08,116505.59414463799,0.023594041727817205,
2023-08-09,116507.57572425835,0.023577434575497103,
2023-08-10,116268.50252308648,0.025581050794968974,
2023-08-11,116056.62501576226,0.027356746306365642,
2023-08-14,116222.01450624077,0.02597065592053982,
2023-08-15,116067.23285951225,0.027267844465059587,
2023-08-16,115968.47543983452,0.028095507151172372,
2023-08-17,115685.67631385797,0.030465580053035568,
2023-08-18,115497.0075460357,0.03204676858217037,
2023-08-21,115753.51740443414,0.029897019843196926,
2023-08-22,115980.76655409233,0.027992498215994366,
2023-08-23,115985.30656263726,0.027954449473129972,
2023-08-24,115978.27656385796,0.028013366237987003,
2023-08-25,115981.28657362358,0.02798814005471928,
2023-08-28,115982.00657484429,0.02798210589398198,
2023-08-29,115986.71656629936,0.0279426325643628,
2023-08-30,115987.09657118218,0.027939447832895925,
2023-08-31,115986.06657240288,0.027948080010195997,
2023-09-01,115986.96656629936,0.02794053737321467,
2023-09-05,115991.85655043022,0.027899555567351353,
2023-09-06,115991.18656752007,0.027905170536402513,
2023-09-07,115988.21656629936,0.027930061417473673,
2023-09-08,115992.57655165093,0.027893521406614052,
2023-09-11,115996.24656507866,0.027862763888023778,
2023-09-12,115990.07655165093,0.027914473318096045,
2023-09-13,115994.36656019585,0.027878519766379894,
2023-09-14,115997.00657484429,0.027856394425089803,
2023-09-15,115988.52656385796,0.02792746340091068,
2023-09-18,115987.36656019585,0.027937185118529606,
2023-09-19,115986.95655653374,0.027940621262704024,
2023-09-20,115979.07655165093,0.0280066617286171,
2023-09-21,115977.83656141655,0.02801705379486874,
2023-09-22,115650.48170277398,0.030760537803466215,
2023-09-25,115598.81628187554,0.031193533533604656,
2023-09-26,115361.42761122124,0.033183032099359466,
2023-09-27,115350.96784687797,0.033270692922016676,
2023-09-28,115512.81727436821,0.03191427097073929,
2023-09-29,115777.43048432915,0.029696609949907637,
2023-10-02,116147.32126194757,0.02659664241763471,
2023-10-03,116047.91144432062,0.027429772697380672,
2023-10-04,116385.20267387384,0.024603014303274273,
2023-10-05,116414.4022283172,0.02435829971126946,
2023-10-06,116991.10401054376,0.01952509783417211,
2023-10-09,117177.9838323211,0.017958902040709157,
2023-10-10,117073.59436698907,0.01883376557562666,
2023-10-11,117367.78427787774,0.01636822918688763,
2023-10-12,117275.80356498712,0.01713909788870316,
2023-10-13,117025.41409965509,0.01923755305417163,
2023-10-16,117383.84436698907,0.016233633360705935,
2023-10-17,117341.50311943048,0.01658848538906066,
2023-10-18,117199.1522283172,0.017781494697058364,
2023-10-19,117287.4838323211,0.017041208317795986,
2023-10-20,116948.03427787774,0.019886055124721413,
2023-10-23,117141.4838323211,0.018264799948346844,
2023-10-24,117229.8132085418,0.017524532239611035,
2023-10-25,117970.03427787774,0.011320913710865188,
2023-10-26,117037.09436698907,0.019139663483264346,
2023-10-27,117177.25311943048,0.017965025973430415,
2023-10-30,117724.75311943048,0.01337655735886445,
2023-10-31,117783.1522283172,0.012887128174854823,
2023-11-01,118364.2338323211,0.008017220042483064,
2023-11-02,118528.4838323211,0.006640679458113308,
2023-11-03,118855.52240653985,0.003899846154816311,
2023-11-06,119127.8132085418,0.0016178410424493306,
2023-11-07,119419.8132085418,0.0,680 days
2023-11-08,119614.72418876641,0.0,
2023-11-09,119431.49347587579,0.0015318407840949622,
2023-11-10,120087.03427787774,0.0,2 days
2023-11-13,119868.76276298516,0.001817611003595121,
2023-11-14,120130.83249565118,0.0,4 days
2023-11-15,120087.03427787774,0.00036458764884550465,
2023-11-16,120561.53427787774,0.0,2 days
2023-11-17,120100.17374320977,0.0038267639627461714,
2023-11-20,120654.24347587579,0.0,4 days
2023-11-21,120335.2338323211,0.0026439985396656818,
2023-11-22,120684.17374320977,0.0,2 days
2023-11-24,120653.51276298516,0.0002540596606299683,
2023-11-27,120739.6522283172,0.0,5 days
2023-11-28,121038.22418876641,0.0,
2023-11-29,120757.17374320977,0.00232199743048378,
2023-11-30,120761.55356498712,0.0022858119873587768,
2023-12-01,120440.35401054376,0.0049395154483614645,
2023-12-04,120048.34436698907,0.008178241447375889,
2023-12-05,120295.08249565118,0.006139727330733646,
2023-12-06,120023.52240653985,0.008383316832574095,
2023-12-07,120180.47418876641,0.00708660429999608,
2023-12-08,120419.91409965509,0.005108386984817637,
2023-12-11,120206.02240653985,0.006875528683638721,
2023-12-12,120430.86365409844,0.005017923377004907,
2023-12-13,120430.13294120782,0.005023960419398121,
2023-12-14,119814.01276298516,0.010114254682653145,
2023-12-15,120164.41409965509,0.007219290393327027,
2023-12-18,120304.57285209649,0.006061319402090315,
2023-12-19,120349.10401054376,0.0056934095228291515,
2023-12-20,120156.38294120782,0.007285642642801071,
2023-12-21,120369.54392143243,0.00552453798637309,
2023-12-22,120445.46231742852,0.004897311368460278,
2023-12-26,120451.30356498712,0.004849051840548846,
2023-12-27,120408.2338323211,0.00520488763502347,
2023-12-28,120496.5632085418,0.0044751233245116095,
2023-12-29,120552.04392143243,0.004016749837437827,
2024-01-02,120174.63294120782,0.007134863827907512,
2024-01-03,120154.92374320977,0.007297698321970469,
2024-01-04,119960.74347587579,0.008901987121111676,
2024-01-05,119946.87329765313,0.009016580492880122,
2024-01-08,120453.49347587579,0.004830959118986233,
2024-01-09,120533.79392143243,0.004167528652331276,
2024-01-10,121043.33249565118,0.0,43 days
2024-01-11,121179.11365409844,0.0,
2024-01-12,121459.43338676446,0.0,
2024-01-16,121590.83249565118,0.0,
2024-01-17,121532.43338676446,0.00048029203919475183,
2024-01-18,121853.63294120782,0.0,2 days
2024-01-19,122204.03427787774,0.0,
2024-01-22,122046.35401054376,0.0012903032888049726,
2024-01-23,122220.82285209649,0.0,4 days
2024-01-24,122488.00311943048,0.0,
2024-01-25,122656.63294120782,0.0,
2024-01-26,122588.01276298516,0.0005594493879148565,
2024-01-29,123010.68338676446,0.0,4 days
2024-01-30,122928.19303031915,0.000670595058690604,
2024-01-31,122124.46231742852,0.007204423590994269,
2024-02-01,122577.0632085418,0.0035250611270835064,
2024-02-02,123120.18338676446,0.0,4 days
2024-02-05,122713.57285209649,0.003302549780897057,
2024-02-06,122701.8925847625,0.0033974186075401702,
2024-02-07,123326.77240653985,0.0,5 days
2024-02-08,123331.1522283172,0.0,
2024-02-09,123801.27240653985,0.0,
2024-02-12,123415.10401054376,0.003119260315257444,
2024-02-13,122762.4838323211,0.008390774618273422,
2024-02-14,122993.8925847625,0.006521579351188467,
2024-02-15,122780.00311943048,0.008249263252769534,
2024-02-16,122597.50311943048,0.009723399959545076,
2024-02-20,122504.79392143243,0.010472254928447167,
2024-02-21,122460.26276298516,0.010831953642213565,
2024-02-22,123151.57285209649,0.005247923077154382,
2024-02-23,123055.94303031915,0.00602036927191818,
2024-02-26,122851.54392143243,0.007671395185573693,
2024-02-27,122847.16409965509,0.007706773026949665,
2024-02-28,122864.68338676446,0.007565261661445666,
2024-02-29,123296.84436698907,0.004074498022074713,
2024-03-01,123432.62329765313,0.002977748949753445,
2024-03-04,123390.28427787774,0.0033197407479990115,
2024-03-05,122494.57285209649,0.010554815221546443,
2024-03-06,122453.69303031915,0.010885020404277523,
2024-03-07,122968.34436698907,0.006727944094270688,
2024-03-08,122755.18338676446,0.00844974368551099,
2024-03-11,122631.08249565118,0.009452163844051564,
2024-03-12,123416.5632085418,0.0031074736997430685,
2024-03-13,123666.77754258721,0.0010863770730157318,
2024-03-14,123373.29768418877,0.0034569493029578124,
2024-03-15,123628.49733018487,0.0013955840113469842,
2024-03-18,123602.39750718682,0.0016064043243430026,
2024-03-19,123483.78761338799,0.0025644711639901674,
2024-03-20,123373.00740098565,0.0034592940543280992,
2024-03-21,123252.94786119073,0.0044290703535625475,
2024-03-22,123271.21800279229,0.004281493989875651,
2024-03-25,123441.73814439385,0.0029041241269747164,
2024-03-26,123476.82789659112,0.0026206880078204486,
2024-03-27,123483.2079319915,0.0025691535180986103,
2024-03-28,123503.79768418877,0.0024028405893457006,
2024-04-01,123392.14750718682,0.003304690585162473,
2024-04-02,123482.91764878838,0.002571498269468897,
2024-04-03,123511.62736558526,0.0023395966400365786,
2024-04-04,123586.1575779876,0.001737581725701931,
2024-04-05,123364.59803819268,0.003527220357745775,
2024-04-08,123391.56782579033,0.003309372939270916,
2024-04-09,123342.55775498955,0.003705249894718099,
2024-04-10,123430.13743638604,0.0029978283982016185,
2024-04-11,123294.7079319915,0.0040917549933160435,
2024-04-12,123469.57789659112,0.0026792496030211277,
2024-04-15,123709.11729478448,0.000744379358660785,
2024-04-16,123646.25412217705,0.0012521542093182347,
2024-04-17,123484.59469834893,0.00255795196636599,
2024-04-18,123037.96426622002,0.006165592045074275,
2024-04-19,122994.65303880302,0.006515436813024356,
2024-04-22,123024.00844404593,0.006278319660088183,
2024-04-23,123199.47974848929,0.0048609569704128885,
2024-04-24,123147.39613887016,0.005281660317048131,
2024-04-25,122556.21678706352,0.01005688871587529,
2024-04-26,123294.04469212334,0.004097112287754778,
2024-04-29,123093.5896774749,0.00571627993241508,
2024-04-30,122988.53821067802,0.0065648291012144755,
2024-05-01,123113.44480332939,0.005555900919594459,
2024-05-02,123252.34994169608,0.00443390002520494,
2024-05-03,123495.1111547393,0.002473005695734498,
2024-05-06,123901.03144282523,0.0,87 days
2024-05-07,123653.23072261039,0.001999989163360527,
2024-05-08,123724.03144282523,0.0014285595360977732,
2024-05-09,123829.05137080375,0.0005809481259620997,
2024-05-10,123971.83036250297,0.0,4 days
2024-05-13,123911.65101069633,0.0004854276300565452,
2024-05-14,124079.21079463187,0.0,4 days
2024-05-15,124463.89014643851,0.0,
2024-05-16,124340.58036250297,0.000990727381174339,
2024-05-17,124294.56043452445,0.0013604725974323273,
2024-05-20,124597.23072261039,0.0,5 days
2024-05-21,124815.53144282523,0.0,
2024-05-22,124902.85029048148,0.0,
2024-05-23,124695.17093867484,0.0016627270820773754,
2024-05-24,124881.6111547393,0.00017004524470654037,
2024-05-28,124891.05137080375,9.446477522567776e-05,
2024-05-29,124823.20173091117,0.0006376840831500141,
2024-05-30,123967.70173091117,0.007487007361285047,
2024-05-31,123994.84122676078,0.007269722521215383,
2024-06-03,123899.85029048148,0.008030241084709955,
2024-06-04,124050.30137080375,0.00682569627270313,
2024-06-05,124518.76151484672,0.003075100165780942,
2024-06-06,124548.85029048148,0.002834202735779945,
2024-06-07,124509.32129878226,0.0031506806352618044,
2024-06-10,124746.5006505889,0.001251769991869378,
2024-06-11,125030.29050654593,0.0,20 days
2024-06-12,125524.71079463187,0.0,
2024-06-13,125555.39014643851,0.0,
2024-06-14,125613.80137080375,0.0,
2024-06-17,125956.0006505889,0.0,
2024-06-18,125836.23072261039,0.0009508870348365894,
2024-06-20,125798.47165888968,0.0012506668271899946,
2024-06-21,126039.19086665336,0.0,4 days
2024-06-24,125914.70173091117,0.0009877018004177396,
2024-06-25,126108.22165888968,0.0,4 days
2024-06-26,126179.6111547393,0.0,
2024-06-27,126220.32129878226,0.0,
2024-06-28,125872.22165888968,0.0027578731880152363,
2024-07-01,126449.2415868682,0.0,4 days
2024-07-02,126599.69086665336,0.0,
2024-07-03,126687.60029048148,0.0,
2024-07-05,127088.21079463187,0.0,
2024-07-08,127010.33036250297,0.0006128061103539695,
2024-07-09,126615.03144282523,0.0037232356081499107,
2024-07-10,126593.5883113555,0.0038919619702227903,
2024-07-11,126789.93810383597,0.0023469737195206397,
2024-07-12,126809.48851887503,0.002193140292196305,
2024-07-15,126802.51845661917,0.0022479845787927166,
2024-07-16,126877.99849812308,0.0016540660632046178,
2024-07-17,126979.99849812308,0.000851473915890244,
2024-07-18,127033.54839436332,0.0004301138549891448,
2024-07-19,127088.96856037894,0.0,14 days
2024-07-22,126989.8582698516,0.0007798496726351134,
2024-07-23,126994.8405113677,0.0007406468875897909,
2024-07-24,126085.68981556692,0.007894302362957406,
2024-07-25,126044.71907447804,0.008216680784570163,
2024-07-26,126436.55572364795,0.005133512720429612,
2024-07-29,126522.69702003467,0.004455709624201054,
2024-07-30,126297.90716407764,0.006224469403302124,
2024-07-31,126028.27673194873,0.008346057415095642,
2024-08-01,126143.30945228564,0.007440922047014853,
2024-08-02,125877.94005775439,0.009528982069354042,
2024-08-05,124726.282016281,0.018590807454507363,
2024-08-06,124735.20199919115,0.01852062053733272,
2024-08-07,124732.84201383959,0.018539190090444246,
2024-08-08,124741.36203337084,0.018472150286535483,
2024-08-09,124748.02200651537,0.018419746264219716,
2024-08-12,124710.52136375413,0.018714820204830174,
2024-08-13,124858.3963288115,0.017551265517649628,
2024-08-14,124954.56814399706,0.01679453724866642,
2024-08-15,125196.42892280566,0.014891454852544062,
2024-08-16,125047.94906440722,0.016059769145124858,
2024-08-19,125225.42892280566,0.01466326824965869,
2024-08-20,125415.08828559863,0.013170932880654074,
2024-08-21,125376.80984321581,0.013472126940346496,
2024-08-22,124878.58828559863,0.01739238503403373,
2024-08-23,124950.50948921191,0.016826472788242564,
2024-08-26,124759.10842720019,0.018332512723729044,
2024-08-27,124779.4087812041,0.018172779316228294,
2024-08-28,124591.48934761035,0.019651424046156052,
2024-08-29,124737.64871040331,0.018501368581479438,
2024-08-30,124970.80984321581,0.016666739380741813,
2024-09-03,124524.209135208,0.02018081863613863,
2024-09-04,124492.88863960253,0.020427264066928297,
2024-09-05,124463.30984321581,0.020660004931235987,
2024-09-06,124075.28970161425,0.023713142792034847,
2024-09-09,124308.44906440722,0.021878527518702118,
2024-09-10,124800.28970161425,0.018008477719900218,
2024-09-11,124865.83901069628,0.01749270274883441,
2024-09-12,124873.75899360643,0.017430384335207494,
2024-09-13,124880.93898628221,0.0173738885373651,
2024-09-16,124882.43898628221,0.017362085782043457,
2024-09-17,124890.0589813994,0.01730212782342988,
2024-09-18,124881.37898872362,0.017370426376593917,
2024-09-19,124897.13899848924,0.017246418683840137,
2024-09-20,124890.29897163378,0.017300239459419275,
2024-09-23,124886.77901313768,0.0173279362653338,
2024-09-24,124878.0990204619,0.017396234818497835,
2024-09-25,124883.97896430956,0.017349968459471787,
2024-09-26,124882.37898872362,0.01736255787304619,
2024-09-27,124875.79897163378,0.017414332760862017,
2024-09-30,124880.35896919237,0.01737845240389435,
2024-10-01,124861.13899848924,0.01752968481155992,
2024-10-02,124854.01900337206,0.01758570851839969,
2024-10-03,124852.83901069628,0.017594993294955397,
2024-10-04,124707.30323213182,0.018740142084917588,
2024-10-07,124335.66385835252,0.02166438781599167,
2024-10-08,124630.35288423143,0.019345626170374053,
2024-10-09,124787.10288423143,0.01811223823926089,
2024-10-10,124636.7153975676,0.019295562711615588,
2024-10-11,124637.67541954026,0.019288008775317778,
2024-10-14,124643.3154341887,0.019243630300047054,
2024-10-15,124428.40663151536,0.020934640976329688,
2024-10-16,124202.32288612353,0.022713581729038812,
2024-10-17,124203.52289833056,0.022704139428730397,
2024-10-18,124206.40290321337,0.022681478100092467,
2024-10-21,124207.64289344774,0.022671721232534026,
2024-10-22,124225.1029154204,0.022534336987698023,
2024-10-23,124219.28290809618,0.022580131735976727,
2024-10-24,124219.5429178618,0.022578085848213414,
2024-10-25,124226.38288368212,0.022524265552889666,
2024-10-28,124223.26288856493,0.022548815245538312,
2024-10-29,124233.98292030321,0.022464464637773407,
2024-10-30,124235.14289344774,0.022455337384970298,
2024-10-31,124182.78290809618,0.02286733211547043,
2024-11-01,124190.82288612353,0.022804069519838266,
2024-11-04,124187.0028787993,0.022834127261021298,
2024-11-05,124193.0028787993,0.022786916239734722,
2024-11-06,124210.44288124071,0.022649689518651317,
2024-11-07,124202.65778565966,0.0227109465708506,
2024-11-08,124208.43775392137,0.02266546687007731,
2024-11-11,124217.49775147997,0.022594178247144714,
2024-11-12,124207.45777345262,0.02267317784987244,
2024-11-13,124203.11774659716,0.022707327366582097,
2024-11-14,124199.73774171434,0.022733922946993945,
2024-11-15,124223.51777101122,0.02254680970210543,
2024-11-18,124221.99775147997,0.022558769981179783,
2024-11-19,124217.93775392137,0.02259071608637353,
2024-11-20,124222.53779054247,0.02255452068190056,
2024-11-21,124227.77778077684,0.022513289800151104,
2024-11-22,124219.51777101122,0.022578283716296554,
2024-11-25,124215.93775392137,0.02260645309346898,
2024-11-26,124197.53779054247,0.022751233270594806,
2024-11-27,124207.53779054247,0.022672548235117107,
2024-11-29,124206.59778810106,0.02267994464766221,
2024-12-02,124191.55774903856,0.022798287248384175,
2024-12-03,124191.11774659716,0.02280174940915536,
2024-12-04,124178.67774415575,0.022899633612499803,
2024-12-05,124168.27778077684,0.02298146576124349,
2024-12-06,124166.37775636278,0.022996416110086404,
2024-12-09,124161.47779298387,0.023034971489317213,
2024-12-10,124166.85779786669,0.022992638901809803,
2024-12-11,124155.53779054247,0.023081710419601276,
2024-12-12,124154.39777589403,0.023090680628906957,
2024-12-13,124158.97779298387,0.023054642748186693,
2024-12-16,124150.33777833544,0.023122626734100704,
2024-12-17,124144.59778810106,0.023167791867624077,
2024-12-18,124178.73774171434,0.02289916152149718,
2024-12-19,124179.45777345262,0.022893495949209974,
2024-12-20,124180.31775880419,0.022886729151420204,
2024-12-23,124183.01777101122,0.022865484095790145,
2024-12-24,124174.85779786669,0.022929690873427666,
2024-12-26,124177.2978003081,0.02291049170556081,
2024-12-27,124192.45777345262,0.022791205403088988,
2024-12-30,124106.14960981737,0.02347032149485473,
2024-12-31,123916.34037519823,0.024963836130855288,
2025-01-02,123749.89960981737,0.0262734758837484,
2025-01-03,124021.79072309862,0.02413409969428726,
2025-01-06,124278.29072309862,0.022115828534283732,
2025-01-07,124312.32837031542,0.021848003186400566,
2025-01-08,124314.51837275682,0.02183077114442078,
2025-01-10,124308.90838740526,0.02187491333406244,
2025-01-13,124307.14837763963,0.021888761977147397,
2025-01-14,124305.62838862596,0.021900722016094054,
2025-01-15,124316.26837275682,0.021817001263212177,
2025-01-16,124314.5383617705,0.021830613860795767,
2025-01-17,124318.98837397753,0.021795598923957105,
2025-01-21,124200.4363031157,0.02272842631412908,
2025-01-22,125191.63698670945,0.014929160218717819,
2025-01-23,125220.19582460007,0.014704444901455282,
2025-01-24,125071.79616639695,0.015872128138514685,
2025-01-27,124539.79616639695,0.02005817202592919,
2025-01-28,125247.63698670945,0.014488524020042637,
2025-01-29,124974.91555116257,0.016634433603196608,
2025-01-30,123443.8757562407,0.02868142566131926,
2025-01-31,123447.79616639695,0.028650577900096064,
2025-02-03,123215.95705506882,0.030474804770093677,
2025-02-04,123297.1560296782,0.029835890350304317,
2025-02-05,123348.67678163132,0.029430499130777332,
2025-02-06,123490.35671327195,0.028315690086014977,
2025-02-07,123150.4363031157,0.030990355039289486,
2025-02-10,123288.75637147507,0.02990198309067571,
2025-02-11,123245.07643983445,0.030245678787756414,
2025-02-12,123110.67678163132,0.03130320297514699,
2025-02-13,123194.67678163132,0.030642248677134165,
2025-02-14,123076.51589295945,0.031571998048856686,
2025-02-18,123144.2771234282,0.031038818566511917,
2025-02-19,123431.55568788132,0.028778366162913738,
2025-02-20,123507.7165765532,0.028179093940197686,
2025-02-21,123064.19582460007,0.031668938550451275,
2025-02-24,122828.4363031157,0.033524013181671974,
2025-02-25,122486.83596131882,0.03621189668302083,
2025-02-26,122589.31691835007,0.035405524909041364,
2025-02-27,122186.11623475632,0.03857811091836283,
2025-02-28,122435.8757562407,0.036612877237473196,
2025-03-03,121959.8757562407,0.04035828492621252,
2025-03-04,121966.5954828032,0.04030541073391547,
2025-03-05,122661.55568788132,0.03483711389469801,
2025-03-06,122430.2771234282,0.03665693009962101,
2025-03-07,122229.79616639695,0.038234415221282125,
2025-03-10,121493.39650819382,0.044028778544431324,
2025-03-11,121509.63698670945,0.04390099028161365,
2025-03-12,121667.55568788132,0.04265840642118324,
2025-03-13,121415.55568788132,0.04464126931522172,
2025-03-14,121963.79616639695,0.04032743716498943,
2025-03-17,121971.63698670945,0.04026574164254304,
2025-03-18,121681.55568788132,0.042548247371514414,
2025-03-19,121922.35671327195,0.040653503648921174,
2025-03-20,121867.47609803757,0.04108533196459674,
2025-03-21,122114.9968499907,0.03913771404970645,
2025-03-24,122432.47157215867,0.03663966307199984,
2025-03-25,122315.99061512742,0.03755619389564813,
2025-03-26,122606.63075184617,0.03526929094875175,
2025-03-27,122572.47157215867,0.03553807257531183,
2025-03-28,123232.1515037993,0.030347378692803684,
2025-03-31,123423.10999989304,0.028844821088812922,
2025-04-01,123042.3106834868,0.031841141860944555,
2025-04-02,123045.10999989304,0.03181911542987059,
2025-04-03,123550.79164051804,0.027840157646569774,
2025-04-04,124293.91102528367,0.021992920131123417,
2025-04-07,124404.79164051804,0.02112045561677267,
2025-04-08,124589.5909569243,0.01966636154000423,
2025-04-09,122577.51136708054,0.035498416931089016,
2025-04-10,123089.35047840867,0.03147100906771527,
2025-04-11,122691.7501366118,0.03459952876773931,
2025-04-14,122727.5909569243,0.03431751514595538,
2025-04-15,122844.07020497117,0.03340099776945671,
2025-04-16,123634.79164051804,0.027179203348556946,
2025-04-17,123849.27088856492,0.025491572624376624,
2025-04-21,124334.23109364304,0.021675661530191292,
2025-04-22,123903.0304100493,0.025068565638850293,
2025-04-23,123479.10999989304,0.02840418489013763,
2025-04-24,122756.1515037993,0.034092786381543116,
2025-04-25,122501.35047840867,0.03609768915380518,
2025-04-28,122539.99061512742,0.03579364910094729,
2025-04-29,122378.71034168992,0.037062683504675786,
2025-04-30,122310.39027333054,0.03760026020494556,
2025-05-01,120622.55116200242,0.05088102824049889,
2025-05-02,120069.27088856492,0.055234516034953995,
2025-05-05,120019.43006825242,0.05562668870640686,
2025-05-06,120179.5909569243,0.054366462185677866,
2025-05-07,120177.35047840867,0.05438409139882683,
2025-05-08,119907.43006825242,0.05650796110375722,
2025-05-09,119876.07020497117,0.056754716299243446,
2025-05-12,119286.39027333054,0.061394614933407476,
2025-05-13,119293.10999989304,0.06134174074111043,
2025-05-14,119080.3106834868,0.0630161529172164,
2025-05-15,119069.67054676804,0.06309987487073665,
2025-05-16,119005.83143543992,0.06360219314470861,
2025-05-19,118748.23109364304,0.06562912234804452,
2025-05-20,118787.43006825242,0.06532068507726163,
2025-05-21,119101.0304100493,0.06285311967525054,
2025-05-22,118972.79164051804,0.06386216688826907,
2025-05-23,119234.8712303618,0.061799992705784956,
2025-05-27,118646.3106834868,0.06643108345694937,
2025-05-28,118832.79164051804,0.06496375738495708,
2025-05-29,118758.8712303618,0.06554540039452428,
2025-05-30,118664.79164051804,0.06628566598098273,
2025-06-02,118574.63075184617,0.06699509725336761,
2025-06-03,118518.63075184617,0.0674357334520429,
2025-06-04,118468.23109364304,0.06783230334142065,
2025-06-05,118254.8712303618,0.06951112618260125,
2025-06-06,118103.67054676804,0.07070084929788423,
2025-06-09,117970.95082020554,0.07174515493720057,
2025-06-10,118073.43006825242,0.07093879661037072,
2025-06-11,117978.23109364304,0.0716878700798288,
2025-06-12,117628.23109364304,0.07444184632154893,
2025-06-13,117847.19129872117,0.07271895717107091,
2025-06-16,117613.10999989304,0.07456082670136699,
2025-06-17,117674.71034168992,0.07407612419339438,
2025-06-18,117551.51136708054,0.0750455157621901,
2025-06-20,117710.55116200242,0.07379411057161045,
2025-06-23,117228.95082020554,0.0775835845696472,
2025-06-24,116998.79164051804,0.07939459289157058,
2025-06-25,116877.83143543992,0.08034636869436695,
2025-06-26,116587.7501366118,0.08262887442333833,
2025-06-27,116672.3106834868,0.08196350946025088,
2025-06-30,116589.99061512742,0.08261124521018948,
2025-07-01,116890.1515037993,0.08024942819277248,
2025-07-02,116943.91102528367,0.07982642120724615,
2025-07-03,116509.91102528367,0.08324135174697911,
2025-07-07,116572.63075184617,0.08274784135600677,
2025-07-08,116634.23109364304,0.08226313884803416,
2025-07-09,116248.39027333054,0.08529912871153822,
2025-07-10,116362.07020497117,0.08440463776611351,
2025-07-11,116259.0304100493,0.08521540675801798,
2025-07-14,116275.83143543992,0.08508320783012557,
2025-07-15,116119.0304100493,0.08631699725470598,
2025-07-16,116130.23109364304,0.08622886463611112,
2025-07-17,115789.7501366118,0.08890794025446025,
2025-07-18,115882.1515037993,0.08818087976892641,
2025-07-21,115881.5909569243,0.08818529043400103,
2025-07-22,116149.83143543992,0.08607463927714487,
2025-07-23,116116.23109364304,0.08633902368577995,
2025-07-24,115835.67054676804,0.0885466153442307,
2025-07-25,115677.1895897368,0.08979362331688534,
2025-07-28,115744.95082020554,0.08926044383454057,
2025-07-29,115741.0304100493,0.08929129159576377,
2025-07-30,115703.51136708054,0.08958651031847231,
2025-07-31,114568.95082020554,0.09851380400672016,
2025-08-01,115094.79164051804,0.09437622364652809,
2025-08-04,114449.10999989304,0.09945677192651703,
2025-08-05,114890.95082020554,0.09598014586433767,
2025-08-06,115048.3106834868,0.09474195922183226,
2025-08-07,115277.9093162993,0.09293536156498361,
2025-08-08,115210.7120506743,0.09346410348795442,
2025-08-11,115225.82972645554,0.0933451500024356,
2025-08-12,114807.51136708054,0.09663668949727588,
2025-08-13,115292.4698631743,0.09282079185024017,
2025-08-14,115186.07191395554,0.09365798449114349,
2025-08-15,115315.4317772368,0.09264011594797572,
2025-08-18,115487.35218739304,0.09128735959072687,
2025-08-19,115897.83143543992,0.08805750217118335,
2025-08-20,116124.63075184617,0.08627293094540855,
2025-08-21,116207.51136708054,0.08562078453039534,
2025-08-22,116040.07020497117,0.086938295908496,
2025-08-25,116206.39027333054,0.08562960586054458,
2025-08-26,116330.71034168992,0.08465139296159963,
2025-08-27,116067.51136708054,0.08672237502708346,
2025-08-28,115905.10999989304,0.0880002307609613,
2025-08-29,116070.3106834868,0.0867003485960095,
2025-09-02,116158.23109364304,0.08600854653677348,
2025-09-03,116145.35047840867,0.08610989770344268,
2025-09-04,115998.63075184617,0.08726436239242785,
2025-09-05,116724.95082020554,0.08154931035772417,
2025-09-08,116545.7501366118,0.0829593515723448,
2025-09-09,116533.99061512742,0.08305188140886466,
2025-09-10,116424.23109364304,0.08391552459306617,
2025-09-11,116388.39027333054,0.08419753821485021,
2025-09-12,115890.55116200242,0.08811478702855502,
2025-09-15,115584.79164051804,0.09052065690811983,
2025-09-16,115938.71034168992,0.08773584635232623,
2025-09-17,115883.83143543992,0.08816766122085218,
2025-09-18,115971.7501366118,0.08747587260876577,
2025-09-19,115440.8712303618,0.09165309516603115,
2025-09-22,115635.7501366118,0.09011968980081708,
2025-09-23,115928.07020497117,0.08781956830584647,
2025-09-24,115876.55116200242,0.08822494607822384,
2025-09-25,116051.27088856492,0.08685016328990114,
2025-09-26,115803.19129872117,0.08880217842271643,
2025-09-29,115627.35218739304,0.09018576909403886,
2025-09-30,115439.7501366118,0.09166191649618038,
2025-10-01,115341.1895897368,0.09243744050893665,
2025-10-02,115563.51136708054,0.09068810081516043,
2025-10-03,115473.35218739304,0.09139751864039569,
2025-10-06,114845.0304100493,0.09634147077456723,
2025-10-07,115102.07191395554,0.09431893878915631,
2025-10-08,115053.35218739304,0.09470229013045983,
2025-10-09,115190.54945301804,0.0936227529591449,
2025-10-10,115831.19129872117,0.08858186032337878,
2025-10-13,115658.1515037993,0.08994342456362736,
2025-10-14,115685.0304100493,0.08973192779443895,
2025-10-15,115692.8712303618,0.08967023227199267,
2025-10-16,115794.79164051804,0.08886827116308782,
2025-10-17,115684.4698631743,0.08973633845951356,
2025-10-20,115504.7120506743,0.09115076344490958,
2025-10-21,115455.9923241118,0.0915341147862131,
2025-10-22,115294.7120506743,0.09280314918994159,
2025-10-23,115293.5909569243,0.09281197052009083,
2025-10-24,115122.79164051804,0.09415590554719044,
2025-10-27,114679.82972645554,0.09764135293951903,
2025-10-28,114089.0304100493,0.10229005945668279,
2025-10-29,114118.1515037993,0.10206092002719591,
2025-10-30,115002.39027333054,0.09510328413206182,
2025-10-31,115447.5909569243,0.09160022097373399,
2025-11-03,115491.26917958054,0.0912565387238029,
2025-11-04,115642.4698631743,0.09006681560852003,
2025-11-05,116043.99061512742,0.0869074481472728,
2025-11-06,116607.35047840867,0.08247464906437207,
2025-11-07,116623.0304100493,0.08235127146662902,
2025-11-10,116108.95082020554,0.08639630854315161,
2025-11-11,115958.8712303618,0.08757721032828536,
2025-11-12,115821.10999989304,0.08866118505897413,
2025-11-13,116260.71034168992,0.08520218820994363,
2025-11-14,115874.8712303618,0.08823816462629819,
2025-11-17,116025.51136708054,0.08705285217608982,
2025-11-18,116792.71034168992,0.08101614432252913,
2025-11-19,117166.23109364304,0.07807709496061954,
2025-11-20,117652.8712303618,0.07424796531835987,
2025-11-21,118006.23109364304,0.07146755198049126,
2025-11-24,117900.95082020554,0.07229595018554458,
2025-11-25,117733.51136708054,0.07361344811649562,
2025-11-26,117256.95082020554,0.07736326647030956,
2025-11-28,116892.39027333054,0.08023181242677313,
2025-12-01,117187.51136708054,0.07790965105357905,
2025-12-02,117004.95082020554,0.07934612936434815,
2025-12-03,117692.07020497117,0.07393952804757697,
2025-12-04,117517.91102528367,0.07530990017082517,
2025-12-05,117387.99061512742,0.07633217937906756,
2025-12-08,116947.83143543992,0.07979557344602295,
2025-12-09,116891.83143543992,0.08023620964469813,
2025-12-10,117645.5909569243,0.07430525017573164,
2025-12-11,117370.63075184617,0.07646877552488485,
2025-12-12,117647.27088856492,0.0742920316276573,
2025-12-15,117855.0304100493,0.07265727509577413,
2025-12-16,117767.10999989304,0.07334907715501016,
2025-12-17,117782.23109364304,0.0732300967751921,
2025-12-18,117342.07020497117,0.07669350428929711,
2025-12-19,117233.43006825242,0.077548339590499,
2025-12-22,117289.43006825242,0.07710770339182382,
2025-12-23,117181.35047840867,0.0779581280279511,
2025-12-24,117115.83143543992,0.0784736648499973,
2025-12-26,117133.19129872117,0.07833706870418,
2025-12-29,117167.35047840867,0.07806828707761992,
2025-12-30,117205.65915077194,0.07776685515321902,529 days
