Size,EntryBar,ExitBar,EntryPrice,ExitPrice,SL,TP,PnL,Commission,ReturnPct,EntryTime,ExitTime,Duration,Tag
195,206,538,106.5500030517578,167.77000427246094,,,11884.40783660889,53.49240142822265,0.5719913605612372,2018-10-25,2020-02-24,487 days,
-117,538,540,167.77000427246094,169.7100067138672,,,-266.46544692993166,39.485161285400395,-0.013575027683100652,2020-02-24,2020-02-26,2 days,
133,540,542,169.7100067138672,152.41000366210938,,,-2343.7423672637938,42.84196138000488,-0.10383667647745055,2020-02-26,2020-02-28,2 days,
6,542,543,152.41000366210938,165.30999755859375,,,75.49364337158202,1.9063200073242188,0.0825554333241694,2020-02-28,2020-03-02,3 days,
82,543,545,165.30999755859375,168.49000549316406,,,233.38905038452148,27.371600250244143,0.017217397456616153,2020-03-02,2020-03-04,2 days,
50,545,548,168.49000549316406,151.0,,,-890.4747749328614,15.974500274658205,-0.10570060489065498,2020-03-04,2020-03-09,5 days,
61,548,592,151.0,183.1499938964844,,,1940.7664780578632,20.383149627685548,0.2107009529972709,2020-03-09,2020-05-11,63 days,
-18,592,647,183.1499938964844,202.5,,,-355.24180975341744,6.94169989013672,-0.10775679363967984,2020-05-11,2020-07-29,79 days,
109,647,746,202.5,219.8699951171875,,,1847.2911383056642,46.03832946777344,0.08369197591145829,2020-07-29,2020-12-17,141 days,
-109,746,763,219.8699951171875,214.02000427246097,,,590.3549921417206,47.294009933471685,0.024633196732688285,2020-12-17,2021-01-13,27 days,
104,763,765,214.02000427246097,213.52000427246097,,,-96.46416088867188,44.464160888671884,-0.00433389398200419,2021-01-13,2021-01-15,2 days,
1,765,766,213.52000427246097,213.75,,,-0.1972742767334269,0.427270004272461,-0.0009239147282973344,2021-01-15,2021-01-19,4 days,
104,766,811,213.75,237.8500061035156,,,2459.4342341308566,46.96640063476562,0.11063581799958858,2021-01-19,2021-03-24,64 days,
-31,811,839,237.8500061035156,250.97000122070312,,,-421.8732688598642,15.15342022705078,-0.05721595448935584,2021-03-24,2021-05-04,41 days,
91,839,840,250.97000122070312,249.05999755859375,,,-219.31306314086913,45.50272988891602,-0.009602875439958651,2021-05-04,2021-05-05,1 days,
1,840,841,249.05999755859375,246.4499969482422,,,-3.1055106048583987,0.49550999450683597,-0.012468925701839391,2021-05-05,2021-05-06,1 days,
91,841,844,246.4499969482422,244.5500030517578,,,-217.5804445800781,44.681,-0.009701740418306947,2021-05-06,2021-05-11,5 days,
1,844,845,244.5500030517578,242.1699981689453,,,-2.866724884033203,0.48672000122070314,-0.011722448776361218,2021-05-11,2021-05-12,1 days,
91,845,846,242.1699981689453,241.8000030517578,,,-77.71082577514649,44.04127011108399,-0.003526304351757317,2021-05-12,2021-05-13,1 days,
4,846,847,241.8000030517578,245.5800018310547,,,13.17047509765625,1.94952001953125,0.013617116347634005,2021-05-13,2021-05-14,1 days,
89,847,848,245.5800018310547,246.5500030517578,,,42.53053820800781,43.79957043457031,0.001945888151548425,2021-05-14,2021-05-17,3 days,
3,848,849,246.5500030517578,246.27000427246097,,,-2.318456359863196,1.4784600219726562,-0.0031345316449207907,2021-05-17,2021-05-18,1 days,
90,849,850,246.27000427246097,239.30999755859375,,,-670.1028044128443,43.70220016479493,-0.030233429108405947,2021-05-18,2021-05-19,1 days,
3,850,851,239.30999755859375,243.9600067138672,,,12.500217453002929,1.449810012817383,0.017411471286237375,2021-05-19,2021-05-20,1 days,
90,851,898,243.9600067138672,288.989990234375,,,4004.733017120361,47.9654997253418,0.18239478725604694,2021-05-20,2021-07-28,69 days,
-36,898,930,288.989990234375,297.54998779296875,,,-329.27535131835936,21.115439208984377,-0.031650015037555906,2021-07-28,2021-09-13,47 days,
79,930,942,297.54998779296875,285.1000061035156,,,-1029.5779029846192,46.02934951782227,-0.043799805807478415,2021-09-13,2021-09-29,16 days,
2,942,943,285.1000061035156,285.7099914550781,,,0.0783507080078123,1.1416199951171877,0.00013740916578478457,2021-09-29,2021-09-30,1 days,
79,943,944,285.7099914550781,282.1199951171875,,,-328.46827963256834,44.85856893920898,-0.014552610860011295,2021-09-30,2021-10-01,1 days,
3,944,946,282.1199951171875,284.04998779296875,,,4.091468078613281,1.698509948730469,0.0048341936639569455,2021-10-01,2021-10-05,4 days,
78,946,947,284.04998779296875,285.7799987792969,,,90.49411798095703,44.44673895263672,0.004084425451908255,2021-10-05,2021-10-06,1 days,
2,947,948,285.7799987792969,295.17999267578125,,,17.638067810058594,1.1619199829101563,0.030859521109593443,2021-10-06,2021-10-07,1 days,
77,948,981,295.17999267578125,337.04998779296875,,,3175.3079155273435,48.68170849609375,0.13970379483684497,2021-10-07,2021-11-23,47 days,
-23,981,989,337.04998779296875,323.95001220703125,,,286.0964384765625,15.203,0.036905432536547274,2021-11-23,2021-12-06,13 days,
73,989,1011,323.95001220703125,313.1499938964844,,,-834.9096371154785,46.50830044555664,-0.03530519489328218,2021-12-06,2022-01-06,31 days,
2,1011,1012,313.1499938964844,314.1499938964844,,,0.7454000244140624,1.2545999755859376,0.0011901645201061535,2022-01-06,2022-01-07,1 days,
73,1012,1015,314.1499938964844,319.6700134277344,,,356.69256524658203,46.26886053466797,0.015553715164278632,2022-01-07,2022-01-12,5 days,
2,1015,1016,319.6700134277344,320.4700012207031,,,0.319695556640625,1.280280029296875,0.0005000399524695458,2022-01-12,2022-01-13,1 days,
72,1016,1017,320.4700012207031,304.25,,,-1212.8199279785156,44.97984008789062,-0.05256255236920941,2022-01-13,2022-01-14,1 days,
5,1017,1018,304.25,304.07000732421875,,,-3.9415634155273436,3.0416000366210936,-0.0025910030669037657,2022-01-14,2022-01-18,4 days,
70,1018,1019,304.07000732421875,306.2900085449219,,,112.6748843383789,42.72520111083985,0.005293653323452302,2022-01-18,2022-01-19,1 days,
7,1019,1020,306.2900085449219,309.07000732421875,,,15.15247134399414,4.307520111083985,0.007067284935970253,2022-01-19,2022-01-20,1 days,
70,1020,1021,309.07000732421875,302.69000244140625,,,-489.42354248046877,42.823200683593754,-0.02262194560096439,2022-01-20,2022-01-21,1 days,
7,1021,1022,302.69000244140625,292.20001220703125,,,-77.59416174316407,4.1642301025390625,-0.03662123016821213,2022-01-21,2022-01-24,3 days,
72,1022,1023,292.20001220703125,291.5199890136719,,,-90.98951000976562,42.027840087890624,-0.004324925194338103,2022-01-24,2022-01-25,1 days,
7,1023,1025,291.5199890136719,302.6600036621094,,,73.82084259033203,4.159259948730469,0.03617533978181904,2022-01-25,2022-01-27,2 days,
72,1025,1026,302.6600036621094,300.2300109863281,,,-218.3675537109375,43.4080810546875,-0.010020758123744684,2022-01-27,2022-01-28,1 days,
6,1026,1112,300.2300109863281,264.45001220703125,,,-218.06807281494142,3.3880801391601563,-0.12105611522009134,2022-01-28,2022-06-02,125 days,
-6,1112,1302,264.45001220703125,256.29998779296875,,,45.775646484375,3.1245000000000003,0.028849589948552346,2022-06-02,2023-03-07,278 days,
91,1302,1328,256.29998779296875,283.5899963378906,,,2434.2607890319823,49.1299885559082,0.10437034660492828,2023-03-07,2023-04-13,37 days,
-27,1328,1337,283.5899963378906,296.70001220703125,,,-369.63825869750974,15.667830230712891,-0.048274995784314906,2023-04-13,2023-04-26,13 days,
86,1337,1339,296.70001220703125,304.010009765625,,,576.9987281494141,51.66106188964844,0.022613034245308652,2023-04-26,2023-04-28,2 days,
-25,1339,1388,304.010009765625,331.05999755859375,,,-692.1264450073243,15.876750183105468,-0.09106627055351442,2023-04-28,2023-07-11,74 days,
71,1388,1406,331.05999755859375,331.8800048828125,,,11.151779846191403,47.06874017333985,0.0004744376334672256,2023-07-11,2023-08-04,24 days,
1,1406,1407,331.8800048828125,328.3699951171875,,,-4.170259765625,0.66025,-0.012565564976104938,2023-08-04,2023-08-07,3 days,
71,1407,1408,328.3699951171875,326.9599914550781,,,-146.6386890563965,46.52842904663086,-0.006289653986030572,2023-08-07,2023-08-08,1 days,
1,1408,1409,326.9599914550781,326.4700012207031,,,-1.1434202270507812,0.6534299926757813,-0.0034971258164100644,2023-08-08,2023-08-09,1 days,
71,1409,1410,326.4700012207031,326.0199890136719,,,-78.27765600585937,46.32678930664063,-0.0033770398295196427,2023-08-09,2023-08-10,1 days,
2,1410,1411,326.0199890136719,320.260009765625,,,-12.812518493652345,1.2925599975585937,-0.019649897131177176,2023-08-10,2023-08-11,1 days,
71,1411,1412,320.260009765625,321.3900146484375,,,34.67319494628906,45.55715173339844,0.0015248699291424027,2023-08-11,2023-08-14,3 days,
2,1412,1413,321.3900146484375,323.0,,,1.9311906738281248,1.2887800292968752,0.0030044347767628323,2023-08-14,2023-08-15,1 days,
71,1413,1414,323.0,320.79998779296875,,,-201.91066583251953,45.70979913330078,-0.008804372120198776,2023-08-15,2023-08-16,1 days,
2,1414,1415,320.79998779296875,320.5400085449219,,,-1.8026384887695313,1.2826799926757813,-0.0028095987490076046,2023-08-16,2023-08-17,1 days,
71,1415,1416,320.5400085449219,314.489990234375,,,-474.6384299621582,45.08712991333008,-0.02085558161576352,2023-08-17,2023-08-18,1 days,
3,1416,1417,314.489990234375,317.92999267578125,,,8.422747375488282,1.8972599487304689,0.008927414371451805,2023-08-18,2023-08-21,3 days,
71,1417,1418,317.92999267578125,325.5,,,491.7869905395508,45.68352947998047,0.02178648599097912,2023-08-21,2023-08-22,1 days,
2,1418,1440,325.5,321.32000732421875,,,-9.653625366210937,1.2936400146484375,-0.014828917613227192,2023-08-22,2023-09-22,31 days,
72,1440,1441,321.32000732421875,316.5899963378906,,,-386.49031127929686,45.929520263671876,-0.016705841116746525,2023-09-22,2023-09-25,3 days,
2,1441,1442,316.5899963378906,315.1300048828125,,,-4.183422912597656,1.2634400024414063,-0.006607004265751868,2023-09-25,2023-09-26,1 days,
72,1442,1443,315.1300048828125,312.29998779296875,,,-248.93618994140624,45.17495947265625,-0.010971494395797884,2023-09-26,2023-09-27,1 days,
3,1443,1444,312.29998779296875,310.989990234375,,,-5.799862609863281,1.8698699340820313,-0.006190482267654475,2023-09-27,2023-09-28,1 days,
72,1444,1445,310.989990234375,317.75,,,441.45142382812503,45.269279296875,0.01971532836400899,2023-09-28,2023-09-29,1 days,
3,1445,1446,317.75,316.2799987792969,,,-6.3120936584472656,1.9020899963378906,-0.006621656080196461,2023-09-29,2023-10-02,3 days,
71,1446,1447,316.2799987792969,320.8299865722656,,,277.8143243408203,45.234808959960944,0.01237156261135457,2023-10-02,2023-10-03,1 days,
2,1447,1448,320.8299865722656,314.0299987792969,,,-14.869695556640625,1.269719970703125,-0.023173793253411016,2023-10-03,2023-10-04,1 days,
73,1448,1449,314.0299987792969,319.0899963378906,,,323.16206213378905,46.217759643554686,0.014096989398098343,2023-10-04,2023-10-05,1 days,
1,1449,1450,319.0899963378906,316.54998779296875,,,-3.1756485290527343,0.6356399841308594,-0.009952203345447386,2023-10-05,2023-10-06,1 days,
73,1450,1558,316.54998779296875,418.1000061035156,,,7359.521887115478,53.629449554443354,0.31848166862854543,2023-10-06,2024-03-13,159 days,
-29,1558,1581,418.1000061035156,414.5700073242187,,,78.22253421020673,24.147430389404295,0.006451396140858636,2024-03-13,2024-04-16,34 days,
61,1581,1584,414.5700073242187,404.0299987792969,,,-692.8751216125454,49.93460037231445,-0.027398529440993136,2024-04-16,2024-04-19,3 days,
1,1584,1585,404.0299987792969,400.0799865722656,,,-4.7541221923828125,0.8041099853515625,-0.011766755455650642,2024-04-19,2024-04-22,3 days,
61,1585,1586,400.0799865722656,404.239990234375,,,204.6967048034668,49.063518585205074,0.00838753198842309,2024-04-22,2024-04-23,1 days,
1,1586,1587,404.239990234375,409.55999755859375,,,4.506207336425781,0.8137999877929687,0.01114735663290789,2024-04-23,2024-04-24,1 days,
60,1587,1589,409.55999755859375,412.1700134277344,,,107.29715148925781,49.303800659179686,0.004366358699126719,2024-04-24,2024-04-26,2 days,
2,1589,1590,412.1700134277344,405.25,,,-15.47486688232422,1.6348400268554688,-0.018772431737125134,2024-04-26,2024-04-29,3 days,
59,1590,1591,405.25,401.489990234375,,,-269.43823559570313,47.59765942382812,-0.011268969169301403,2024-04-29,2024-04-30,1 days,
3,1591,1592,401.489990234375,392.6099853515625,,,-29.022314575195313,2.3822999267578124,-0.024095506970799065,2024-04-30,2024-05-01,1 days,
61,1592,1593,392.6099853515625,397.6600036621094,,,259.8446476135254,48.206469329833986,0.01084982165626484,2024-05-01,2024-05-02,1 days,
2,1593,1594,397.6600036621094,402.2799987792969,,,7.640110229492187,1.5998800048828126,0.009606334757246513,2024-05-02,2024-05-03,1 days,
61,1594,1639,402.2799987792969,461.2200012207031,,,3542.6666489257814,52.673500000000004,0.14436835690970753,2024-05-03,2024-07-10,68 days,
-18,1639,1648,461.2200012207031,443.8999938964844,,,295.46797192382815,16.292159912109376,0.03559014631988332,2024-07-10,2024-07-23,13 days,
58,1648,1650,443.8999938964844,428.7999877929687,,,-926.4169529418979,50.61659893798828,-0.03598266795410212,2024-07-23,2024-07-25,2 days,
2,1650,1651,428.7999877929687,418.2000122070313,,,-22.89395117187477,1.694,-0.026695372928658197,2024-07-25,2024-07-26,1 days,
59,1651,1652,418.2000122070313,431.5799865722656,,,739.2814676208462,50.13701992797852,0.029962204688439582,2024-07-26,2024-07-29,3 days,
1,1652,1653,431.5799865722656,427.7200012207031,,,-4.719285339355469,0.8592999877929688,-0.010934903114570745,2024-07-29,2024-07-30,1 days,
59,1653,1654,427.7200012207031,420.5,,,-476.02505209350585,50.04498007202149,-0.01886332460230361,2024-07-30,2024-07-31,1 days,
2,1654,1655,420.5,420.7900085449219,,,-1.1025629272460937,1.6825800170898437,-0.001311014182218908,2024-07-31,2024-08-01,1 days,
59,1655,1656,420.7900085449219,412.489990234375,,,-538.8646002502442,49.16351992797851,-0.021705121613768422,2024-08-01,2024-08-02,1 days,
2,1656,1657,412.489990234375,389.1700134277344,,,-48.24327362060547,1.6033200073242186,-0.05847811433338523,2024-08-02,2024-08-05,3 days,
60,1657,1662,389.1700134277344,407.05999755859375,,,1025.6252471923829,47.773800659179685,0.04392361572083778,2024-08-05,2024-08-12,7 days,
3,1662,1663,407.05999755859375,409.5899963378906,,,5.140046356201172,2.4499499816894534,0.004209081697235061,2024-08-12,2024-08-13,1 days,
60,1663,1664,409.5899963378906,414.7999877929687,,,263.1360882568325,49.46339904785156,0.01070729634551249,2024-08-13,2024-08-14,1 days,
2,1664,1683,414.7999877929687,415.5,,,-0.26057556152332384,1.6605999755859375,-0.0003140978413593825,2024-08-14,2024-09-11,28 days,
60,1683,1700,415.5,418.239990234375,,,114.3750146484375,50.0243994140625,0.004587846556295157,2024-09-11,2024-10-04,23 days,
2,1700,1704,418.239990234375,415.2300109863281,,,-7.6868984985351565,1.6669400024414063,-0.00918957856496164,2024-10-04,2024-10-10,6 days,
60,1704,1707,415.2300109863281,422.1799926757813,,,366.75430114746433,50.244600219726564,0.014720929422397498,2024-10-10,2024-10-15,5 days,
2,1707,1708,422.1799926757813,415.1700134277344,,,-15.694658508300895,1.6747000122070315,-0.018587638898788165,2024-10-15,2024-10-16,1 days,
60,1708,1724,415.1700134277344,421.2799987792969,,,316.4121203613281,50.18700073242188,0.01270211038561292,2024-10-16,2024-11-07,22 days,
-60,1724,1759,421.2799987792969,426.05999755859375,,,-337.64032653808596,50.840399780273444,-0.013357716463968388,2024-11-07,2024-12-30,53 days,
60,1759,1815,426.05999755859375,395.3999938964844,,,-1888.8878192138673,49.28759948730469,-0.07388974283894134,2024-12-30,2025-03-24,84 days,
-60,1815,1985,395.3999938964844,475.0,,,-4828.224365844727,52.22399963378906,-0.20351645761147708,2025-03-24,2025-11-24,245 days,
52,1985,2186,475.0,500.05999755859375,,,1252.416753173828,50.70311987304687,0.050705131707442494,2025-11-24,2026-09-15,295 days,
