combo_index,buy_pullback_rsi,sell_overbought_rsi,min_atr,extreme_setup_rsi,extreme_setup_rel_vol,return_pct,max_drawdown_pct,max_drawdown_abs,win_rate_pct,profit_factor,sharpe_ratio,trade_count
68,42.0,85.0,3.5,30.0,1.0,23.971100701881483,-8.416248856086039,8.416248856086039,45.25547445255474,1.2370663388702656,0.6095308153868542,137
64,42.0,85.0,3.5,25.0,0.9,23.971100701881483,-8.416248856086039,8.416248856086039,45.25547445255474,1.2370663388702656,0.6095308153868542,137
105,42.0,88.0,3.5,30.0,1.1,23.971100701881483,-8.416248856086039,8.416248856086039,45.25547445255474,1.2370663388702656,0.6095308153868542,137
104,42.0,88.0,3.5,30.0,1.0,23.971100701881483,-8.416248856086039,8.416248856086039,45.25547445255474,1.2370663388702656,0.6095308153868542,137
103,42.0,88.0,3.5,30.0,0.9,23.971100701881483,-8.416248856086039,8.416248856086039,45.25547445255474,1.2370663388702656,0.6095308153868542,137
102,42.0,88.0,3.5,25.0,1.1,23.971100701881483,-8.416248856086039,8.416248856086039,45.25547445255474,1.2370663388702656,0.6095308153868542,137
101,42.0,88.0,3.5,25.0,1.0,23.971100701881483,-8.416248856086039,8.416248856086039,45.25547445255474,1.2370663388702656,0.6095308153868542,137
100,42.0,88.0,3.5,25.0,0.9,23.971100701881483,-8.416248856086039,8.416248856086039,45.25547445255474,1.2370663388702656,0.6095308153868542,137
65,42.0,85.0,3.5,25.0,1.0,23.971100701881483,-8.416248856086039,8.416248856086039,45.25547445255474,1.2370663388702656,0.6095308153868542,137
108,42.0,88.0,3.5,35.0,1.1,23.971100701881483,-8.416248856086039,8.416248856086039,45.25547445255474,1.2370663388702656,0.6095308153868542,137
